--- RC-P5 TRACE START ---
[LOG] %cDownload the React DevTools for a better development experience: https://react.dev/link/react-devtools font-weight:bold
[LOG] [HMR] connected
[LOG] SYNC_TELEMETRY_V2_ACTIVE
[LOG] {source: unknown, roomId: play-local, gameVersion: 0, turn: 0, currentPlayer: 0}
[LOG] {
  "timestamp": "2026-07-11T07:03:31.177Z",
  "event": "SET_GAME_STATE_CALL",
  "source": "unknown",
  "previousState": null,
  "newState": {
    "turn": 0,
    "phase": "year-end"
  }
}
[LOG] {
  "event": "STATE_HASH",
  "turn": 0,
  "year": 1,
  "hash": "c7dd3a95"
}
[LOG] {
  "event": "TURN_OWNER_STATE",
  "source": "unknown",
  "turn": 0,
  "year": 1,
  "phase": "year-end",
  "currentPlayerIndex": 0,
  "currentPlayerId": "bot_0",
  "isMyTurn": true,
  "stateHash": "c7dd3a95"
}
[LOG] BOT TURN DETECTOR EFFECT TRIGGERED. Phase: year-end PlayerIdx: 0
[LOG] BOT TURN START 0
[LOG] BOT DETECTED Bot 1
[LOG] {TRACE: BOT_PHASE, playerId: bot_0, phase: year-end, turn: 0}
[LOG] BOT TURN DETECTOR EFFECT TRIGGERED. Phase: year-end PlayerIdx: 0
[LOG] BOT TURN START 0
[LOG] BOT DETECTED Bot 1
[LOG] {TRACE: BOT_PHASE, playerId: bot_0, phase: year-end, turn: 0}
[LOG] {TRACE: BOT_TURN_START, turn: 0, playerId: bot_0, playerName: Bot 1, phase: year-end}
[LOG] {TRACE: BOT_ACTION_PHASE, playerId: bot_0, phase: year-end, statePhase: year-end}
[LOG] Calling getBotDecision()
[LOG] {TRACE: GET_BOT_DECISION, playerId: bot_0, botType: SAFETY_BUILDER, phase: year-end, strategyMode: BALANCED}
[LOG] {TRACE: REBALANCE, playerId: bot_0, botType: SAFETY_BUILDER, currentPortfolio: Object, targetPortfolio: Object}
[LOG] {TRACE: ACTION_REJECTED, action: Object, reason: CASH_FLOOR, utility: -9999, expectedValue: 0}
[LOG] Bot action {type: skip}
[LOG] Dispatching bot action skip
[LOG] {TRACE: BOT_EXECUTION_BEGIN, executionId: 0_0_skip_1783753413622, playerId: bot_0, turn: 0, phase: year-end}
[LOG] {TRACE: BOT_STATE_DRIFT, computedState: Object, executedState: Object}
[LOG] {TRACE: BOT_PAYLOAD, action: skip, payload: undefined}
[LOG] {TRACE: BOT_DISPATCH, playerId: bot_0, botType: SAFETY_BUILDER, phase: year-end, turn: 0}
[LOG] {source: unknown, roomId: play-local, gameVersion: 0, turn: 1, currentPlayer: 1}
[LOG] {
  "timestamp": "2026-07-11T07:03:33.625Z",
  "event": "SET_GAME_STATE_CALL",
  "source": "unknown",
  "previousState": {
    "turn": 0,
    "phase": "year-end"
  },
  "newState": {
    "turn": 1,
    "phase": "year-end"
  }
}
[LOG] {
  "event": "STATE_HASH",
  "turn": 1,
  "year": 1,
  "hash": "50fd6706"
}
[LOG] {
  "event": "TURN_OWNER_STATE",
  "source": "unknown",
  "turn": 1,
  "year": 1,
  "phase": "year-end",
  "currentPlayerIndex": 1,
  "currentPlayerId": "bot_1",
  "isMyTurn": true,
  "stateHash": "50fd6706"
}
[LOG] {
  "timestamp": "2026-07-11T07:03:33.626Z",
  "event": "STATE_TRANSITION",
  "source": "end-turn",
  "actionId": "local_end-turn_1783753413623",
  "roomStatus": "active",
  "playerCount": 2,
  "activePlayer": "Bot 2",
  "gamePhase": "year-end",
  "currentTurnBeforeAction": {
    "currentPlayerIndex": 0,
    "currentPlayerId": "bot_0",
    "phase": "year-end",
    "turn": 0,
    "year": 1
  },
  "currentTurnAfterAction": {
    "currentPlayerIndex": 1,
    "currentPlayerId": "bot_1",
    "phase": "year-end",
    "turn": 1,
    "year": 1
  },
  "stateDiff": {
    "currentPlayerIndex": {
      "pre": 0,
      "post": 1
    },
    "turn": {
      "pre": 0,
      "post": 1
    }
  }
}
[LOG] {TRACE: BOT_EXECUTION_END, executionId: 0_0_skip_1783753413622, success: true}
[LOG] Bot action completed, isBotProcessing set to false
[LOG] BOT TURN DETECTOR EFFECT TRIGGERED. Phase: year-end PlayerIdx: 1
[LOG] BOT TURN START 1
[LOG] BOT DETECTED Bot 2
[LOG] {TRACE: BOT_PHASE, playerId: bot_1, phase: year-end, turn: 1}
[LOG] {TRACE: BOT_TURN_START, turn: 1, playerId: bot_1, playerName: Bot 2, phase: year-end}
[LOG] {TRACE: BOT_ACTION_PHASE, playerId: bot_1, phase: year-end, statePhase: year-end}
[LOG] Calling getBotDecision()
[LOG] {TRACE: GET_BOT_DECISION, playerId: bot_1, botType: BULL, phase: year-end, strategyMode: BALANCED}
[LOG] {TRACE: REBALANCE, playerId: bot_1, botType: BULL, currentPortfolio: Object, targetPortfolio: Object}
[LOG] {TRACE: UTILITY, action: rebalance, utility: 10, expectedValue: 5, probability: 1}
[LOG] {TRACE: CANDIDATES, playerId: bot_1, botType: BULL, strategyMode: BALANCED, phase: year-end}
[LOG] {TRACE: HUMANIZATION, candidateActions: Array(1), chosenAction: rebalance}
[LOG] Bot action {type: rebalance, payload: Object, debug: Object}
[LOG] Dispatching bot action rebalance
[LOG] {TRACE: BOT_EXECUTION_BEGIN, executionId: 1_1_rebalance_1783753414067, playerId: bot_1, turn: 1, phase: year-end}
[LOG] {TRACE: BOT_STATE_DRIFT, computedState: Object, executedState: Object}
[LOG] {TRACE: BOT_PAYLOAD, action: rebalance, payload: Object}
[LOG] {TRACE: BOT_DISPATCH, playerId: bot_1, botType: BULL, phase: year-end, turn: 1}
[LOG] {source: unknown, roomId: play-local, gameVersion: 0, turn: 2, currentPlayer: 0}
[LOG] {
  "timestamp": "2026-07-11T07:03:34.069Z",
  "event": "SET_GAME_STATE_CALL",
  "source": "unknown",
  "previousState": {
    "turn": 1,
    "phase": "year-end"
  },
  "newState": {
    "turn": 2,
    "phase": "roll"
  }
}
[LOG] {
  "event": "STATE_HASH",
  "turn": 2,
  "year": 1,
  "hash": "9e22e28c"
}
[LOG] {
  "event": "TURN_OWNER_STATE",
  "source": "unknown",
  "turn": 2,
  "year": 1,
  "phase": "roll",
  "currentPlayerIndex": 0,
  "currentPlayerId": "bot_0",
  "isMyTurn": true,
  "stateHash": "9e22e28c"
}
[LOG] {
  "timestamp": "2026-07-11T07:03:34.070Z",
  "event": "STATE_TRANSITION",
  "source": "rebalance",
  "actionId": "local_rebalance_1783753414068",
  "roomStatus": "active",
  "playerCount": 2,
  "activePlayer": "Bot 1",
  "gamePhase": "roll",
  "currentTurnBeforeAction": {
    "currentPlayerIndex": 1,
    "currentPlayerId": "bot_1",
    "phase": "year-end",
    "turn": 1,
    "year": 1
  },
  "currentTurnAfterAction": {
    "currentPlayerIndex": 0,
    "currentPlayerId": "bot_0",
    "phase": "roll",
    "turn": 2,
    "year": 1
  },
  "stateDiff": {
    "phase": {
      "pre": "year-end",
      "post": "roll"
    },
    "currentPlayerIndex": {
      "pre": 1,
      "post": 0
    },
    "turn": {
      "pre": 1,
      "post": 2
    },
    "players": {
      "Bot 2": {
        "cash": {
          "pre": 10,
          "post": 5
        },
        "stocks": {
          "pre": 0,
          "post": 5
        }
      }
    }
  }
}
[LOG] {TRACE: BOT_EXECUTION_END, executionId: 1_1_rebalance_1783753414067, success: true}
[LOG] Bot action completed, isBotProcessing set to false
[LOG] BOT TURN DETECTOR EFFECT TRIGGERED. Phase: roll PlayerIdx: 0
[LOG] BOT TURN START 0
[LOG] BOT DETECTED Bot 1
[LOG] {TRACE: BOT_PHASE, playerId: bot_0, phase: roll, turn: 2}
[LOG] {TRACE: BOT_TURN_START, turn: 2, playerId: bot_0, playerName: Bot 1, phase: roll}
[LOG] {TRACE: BOT_ACTION_PHASE, playerId: bot_0, phase: roll, statePhase: roll}
[LOG] Calling getBotDecision()
[LOG] {TRACE: GET_BOT_DECISION, playerId: bot_0, botType: SAFETY_BUILDER, phase: roll, strategyMode: BALANCED}
[LOG] {TRACE: ACTION_REJECTED, action: Object, reason: CASH_FLOOR, utility: -9999, expectedValue: 0}
[LOG] Bot action {type: skip}
[LOG] Dispatching bot action skip
[LOG] {TRACE: BOT_EXECUTION_BEGIN, executionId: 0_2_skip_1783753414720, playerId: bot_0, turn: 2, phase: roll}
[LOG] {TRACE: BOT_STATE_DRIFT, computedState: Object, executedState: Object}
[LOG] {TRACE: BOT_PAYLOAD, action: skip, payload: undefined}
[LOG] {TRACE: BOT_DISPATCH, playerId: bot_0, botType: SAFETY_BUILDER, phase: roll, turn: 2}
[LOG] {source: unknown, roomId: play-local, gameVersion: 0, turn: 3, currentPlayer: 1}
[LOG] {
  "timestamp": "2026-07-11T07:03:34.721Z",
  "event": "SET_GAME_STATE_CALL",
  "source": "unknown",
  "previousState": {
    "turn": 2,
    "phase": "roll"
  },
  "newState": {
    "turn": 3,
    "phase": "roll"
  }
}
[LOG] {
  "event": "STATE_HASH",
  "turn": 3,
  "year": 1,
  "hash": "12078bf0"
}
[LOG] {
  "event": "TURN_OWNER_STATE",
  "source": "unknown",
  "turn": 3,
  "year": 1,
  "phase": "roll",
  "currentPlayerIndex": 1,
  "currentPlayerId": "bot_1",
  "isMyTurn": true,
  "stateHash": "12078bf0"
}
[LOG] {
  "timestamp": "2026-07-11T07:03:34.722Z",
  "event": "STATE_TRANSITION",
  "source": "end-turn",
  "actionId": "local_end-turn_1783753414720",
  "roomStatus": "active",
  "playerCount": 2,
  "activePlayer": "Bot 2",
  "gamePhase": "roll",
  "currentTurnBeforeAction": {
    "currentPlayerIndex": 0,
    "currentPlayerId": "bot_0",
    "phase": "roll",
    "turn": 2,
    "year": 1
  },
  "currentTurnAfterAction": {
    "currentPlayerIndex": 1,
    "currentPlayerId": "bot_1",
    "phase": "roll",
    "turn": 3,
    "year": 1
  },
  "stateDiff": {
    "currentPlayerIndex": {
      "pre": 0,
      "post": 1
    },
    "turn": {
      "pre": 2,
      "post": 3
    }
  }
}
[LOG] {TRACE: BOT_EXECUTION_END, executionId: 0_2_skip_1783753414720, success: true}
[LOG] Bot action completed, isBotProcessing set to false
[LOG] BOT TURN DETECTOR EFFECT TRIGGERED. Phase: roll PlayerIdx: 1
[LOG] BOT TURN START 1
[LOG] BOT DETECTED Bot 2
[LOG] {TRACE: BOT_PHASE, playerId: bot_1, phase: roll, turn: 3}
[LOG] {TRACE: BOT_TURN_START, turn: 3, playerId: bot_1, playerName: Bot 2, phase: roll}
[LOG] {TRACE: BOT_ACTION_PHASE, playerId: bot_1, phase: roll, statePhase: roll}
[LOG] Calling getBotDecision()
[LOG] {TRACE: GET_BOT_DECISION, playerId: bot_1, botType: BULL, phase: roll, strategyMode: BALANCED}
[LOG] {TRACE: UTILITY, action: roll, utility: 100, expectedValue: 0, probability: 1}
[LOG] {TRACE: CANDIDATES, playerId: bot_1, botType: BULL, strategyMode: BALANCED, phase: roll}
[LOG] {TRACE: HUMANIZATION, candidateActions: Array(1), chosenAction: roll}
[LOG] Bot action {type: roll, debug: Object}
[LOG] Dispatching bot action roll
[LOG] {TRACE: BOT_EXECUTION_BEGIN, executionId: 1_3_roll_1783753415068, playerId: bot_1, turn: 3, phase: roll}
[LOG] {TRACE: BOT_STATE_DRIFT, computedState: Object, executedState: Object}
[LOG] {TRACE: BOT_PAYLOAD, action: roll, payload: undefined}
[LOG] {TRACE: BOT_ROLL, playerId: bot_1, botType: BULL, phase: roll, turn: 3}
[LOG] {TRACE: BOT_DISPATCH, playerId: bot_1, botType: BULL, phase: roll, turn: 3}
[LOG] {source: unknown, roomId: play-local, gameVersion: 0, turn: 3, currentPlayer: 1}
[LOG] {
  "timestamp": "2026-07-11T07:03:36.881Z",
  "event": "SET_GAME_STATE_CALL",
  "source": "unknown",
  "previousState": {
    "turn": 3,
    "phase": "roll"
  },
  "newState": {
    "turn": 3,
    "phase": "action"
  }
}
[LOG] {
  "event": "STATE_HASH",
  "turn": 3,
  "year": 1,
  "hash": "9fff7e31"
}
[LOG] {
  "event": "TURN_OWNER_STATE",
  "source": "unknown",
  "turn": 3,
  "year": 1,
  "phase": "action",
  "currentPlayerIndex": 1,
  "currentPlayerId": "bot_1",
  "isMyTurn": true,
  "stateHash": "9fff7e31"
}
[LOG] {
  "timestamp": "2026-07-11T07:03:36.882Z",
  "event": "STATE_TRANSITION",
  "source": "roll",
  "actionId": "local_roll_1783753416879",
  "roomStatus": "active",
  "playerCount": 2,
  "activePlayer": "Bot 2",
  "gamePhase": "action",
  "currentTurnBeforeAction": {
    "currentPlayerIndex": 1,
    "currentPlayerId": "bot_1",
    "phase": "roll",
    "turn": 3,
    "year": 1
  },
  "currentTurnAfterAction": {
    "currentPlayerIndex": 1,
    "currentPlayerId": "bot_1",
    "phase": "action",
    "turn": 3,
    "year": 1
  },
  "stateDiff": {
    "phase": {
      "pre": "roll",
      "post": "action"
    },
    "players": {
      "Bot 2": {
        "cash": {
          "pre": 5,
          "post": 8
        },
        "position": {
          "pre": 0,
          "post": 2
        }
      }
    }
  }
}
[LOG] {TRACE: BOT_EXECUTION_END, executionId: 1_3_roll_1783753415068, success: true}
[LOG] Bot action completed, isBotProcessing set to false
[LOG] BOT TURN DETECTOR EFFECT TRIGGERED. Phase: action PlayerIdx: 1
[LOG] BOT TURN START 1
[LOG] BOT DETECTED Bot 2
[LOG] {TRACE: BOT_PHASE, playerId: bot_1, phase: action, turn: 3}
[LOG] {TRACE: BOT_TURN_START, turn: 3, playerId: bot_1, playerName: Bot 2, phase: action}
[LOG] {TRACE: BOT_ACTION_PHASE, playerId: bot_1, phase: action, statePhase: action}
[LOG] Calling getBotDecision()
[LOG] {TRACE: GET_BOT_DECISION, playerId: bot_1, botType: BULL, phase: action, strategyMode: BALANCED}
[LOG] {TRACE: UTILITY, action: tile-action, utility: 0, expectedValue: 0, probability: 1}
[LOG] {TRACE: UTILITY, action: tile-action, utility: 11.5, expectedValue: 1.5, probability: 0.5}
[LOG] {TRACE: CANDIDATES, playerId: bot_1, botType: BULL, strategyMode: BALANCED, phase: action}
[LOG] {TRACE: HUMANIZATION, candidateActions: Array(2), chosenAction: tile-action}
[LOG] Bot action {type: tile-action, payload: Object, debug: Object}
[LOG] Dispatching bot action tile-action
[LOG] {TRACE: BOT_EXECUTION_BEGIN, executionId: 1_3_tile-action_1783753417608, playerId: bot_1, turn: 3, phase: action}
[LOG] {TRACE: BOT_STATE_DRIFT, computedState: Object, executedState: Object}
[LOG] {TRACE: BOT_PAYLOAD, action: tile-action, payload: Object}
[LOG] {TRACE: BOT_DISPATCH, playerId: bot_1, botType: BULL, phase: action, turn: 3}
[LOG] {source: unknown, roomId: play-local, gameVersion: 0, turn: 3, currentPlayer: 1}
[LOG] {
  "timestamp": "2026-07-11T07:03:37.610Z",
  "event": "SET_GAME_STATE_CALL",
  "source": "unknown",
  "previousState": {
    "turn": 3,
    "phase": "action"
  },
  "newState": {
    "turn": 3,
    "phase": "trade"
  }
}
[LOG] {
  "event": "STATE_HASH",
  "turn": 3,
  "year": 1,
  "hash": "b75d37f7"
}
[LOG] {
  "event": "TURN_OWNER_STATE",
  "source": "unknown",
  "turn": 3,
  "year": 1,
  "phase": "trade",
  "currentPlayerIndex": 1,
  "currentPlayerId": "bot_1",
  "isMyTurn": true,
  "stateHash": "b75d37f7"
}
[LOG] {
  "timestamp": "2026-07-11T07:03:37.610Z",
  "event": "STATE_TRANSITION",
  "source": "tile-action",
  "actionId": "local_tile-action_1783753417609",
  "roomStatus": "active",
  "playerCount": 2,
  "activePlayer": "Bot 2",
  "gamePhase": "trade",
  "currentTurnBeforeAction": {
    "currentPlayerIndex": 1,
    "currentPlayerId": "bot_1",
    "phase": "action",
    "turn": 3,
    "year": 1
  },
  "currentTurnAfterAction": {
    "currentPlayerIndex": 1,
    "currentPlayerId": "bot_1",
    "phase": "trade",
    "turn": 3,
    "year": 1
  },
  "stateDiff": {
    "phase": {
      "pre": "action",
      "post": "trade"
    },
    "announcement": {
      "post": "👮 TAX RAID!"
    },
    "players": {
      "Bot 1": {
        "cash": {
          "pre": 10,
          "post": 5
        }
      },
      "Bot 2": {
        "cash": {
          "pre": 8,
          "post": 6
        }
      }
    }
  }
}
[LOG] {TRACE: BOT_EXECUTION_END, executionId: 1_3_tile-action_1783753417608, success: true}
[LOG] Bot action completed, isBotProcessing set to false
[LOG] BOT TURN DETECTOR EFFECT TRIGGERED. Phase: trade PlayerIdx: 1
[LOG] BOT TURN START 1
[LOG] BOT DETECTED Bot 2
[LOG] {TRACE: BOT_PHASE, playerId: bot_1, phase: trade, turn: 3}
[LOG] {TRACE: BOT_TURN_START, turn: 3, playerId: bot_1, playerName: Bot 2, phase: trade}
[LOG] {TRACE: BOT_ACTION_PHASE, playerId: bot_1, phase: trade, statePhase: trade}
[LOG] Calling getBotDecision()
[LOG] {TRACE: GET_BOT_DECISION, playerId: bot_1, botType: BULL, phase: trade, strategyMode: BALANCED}
[LOG] {TRACE: REBALANCE, playerId: bot_1, botType: BULL, currentPortfolio: Object, targetPortfolio: Object}
[LOG] {TRACE: UTILITY, action: end-turn, utility: 0, expectedValue: 0, probability: 1}
[LOG] {TRACE: AUDIT_THRESHOLD, year: 1, asset: cash, threshold: 20}
[LOG] {TRACE: AUDIT_THRESHOLD, year: 1, asset: bonds, threshold: 20}
[LOG] {TRACE: AUDIT_THRESHOLD, year: 1, asset: stocks, threshold: 20}
[LOG] {TRACE: ACTION_REJECTED, action: Object, reason: BELOW_THRESHOLD, utility: -9999, expectedValue: 0}
[LOG] {TRACE: UTILITY, action: create-trade, utility: 0.3, expectedValue: 0.3, probability: 0.3}
[LOG] {TRACE: UTILITY, action: create-trade, utility: 0.3, expectedValue: 0.3, probability: 0.3}
[LOG] {TRACE: UTILITY, action: rebalance, utility: 7, expectedValue: 5, probability: 1}
[LOG] {TRACE: CANDIDATES, playerId: bot_1, botType: BULL, strategyMode: BALANCED, phase: trade}
[LOG] {TRACE: HUMANIZATION, candidateActions: Array(4), chosenAction: rebalance}
[LOG] Bot action {type: rebalance, payload: Object, debug: Object}
[LOG] Dispatching bot action rebalance
[LOG] {TRACE: BOT_EXECUTION_BEGIN, executionId: 1_3_rebalance_1783753418297, playerId: bot_1, turn: 3, phase: trade}
[LOG] {TRACE: BOT_STATE_DRIFT, computedState: Object, executedState: Object}
[LOG] {TRACE: BOT_PAYLOAD, action: rebalance, payload: Object}
[LOG] {TRACE: BOT_DISPATCH, playerId: bot_1, botType: BULL, phase: trade, turn: 3}
[LOG] {source: unknown, roomId: play-local, gameVersion: 0, turn: 3, currentPlayer: 1}
[LOG] {
  "timestamp": "2026-07-11T07:03:38.298Z",
  "event": "SET_GAME_STATE_CALL",
  "source": "unknown",
  "previousState": {
    "turn": 3,
    "phase": "trade"
  },
  "newState": {
    "turn": 3,
    "phase": "action"
  }
}
[LOG] {
  "event": "STATE_HASH",
  "turn": 3,
  "year": 1,
  "hash": "103e9193"
}
[LOG] {
  "event": "TURN_OWNER_STATE",
  "source": "unknown",
  "turn": 3,
  "year": 1,
  "phase": "action",
  "currentPlayerIndex": 1,
  "currentPlayerId": "bot_1",
  "isMyTurn": true,
  "stateHash": "103e9193"
}
[LOG] {
  "timestamp": "2026-07-11T07:03:38.299Z",
  "event": "STATE_TRANSITION",
  "source": "rebalance",
  "actionId": "local_rebalance_1783753418298",
  "roomStatus": "active",
  "playerCount": 2,
  "activePlayer": "Bot 2",
  "gamePhase": "action",
  "currentTurnBeforeAction": {
    "currentPlayerIndex": 1,
    "currentPlayerId": "bot_1",
    "phase": "trade",
    "turn": 3,
    "year": 1
  },
  "currentTurnAfterAction": {
    "currentPlayerIndex": 1,
    "currentPlayerId": "bot_1",
    "phase": "action",
    "turn": 3,
    "year": 1
  },
  "stateDiff": {
    "phase": {
      "pre": "trade",
      "post": "action"
    },
    "players": {
      "Bot 2": {
        "cash": {
          "pre": 6,
          "post": 3
        }
      }
    }
  }
}
[LOG] {TRACE: BOT_EXECUTION_END, executionId: 1_3_rebalance_1783753418297, success: true}
[LOG] Bot action completed, isBotProcessing set to false
[LOG] BOT TURN DETECTOR EFFECT TRIGGERED. Phase: action PlayerIdx: 1
[LOG] BOT TURN START 1
[LOG] BOT DETECTED Bot 2
[LOG] {TRACE: BOT_PHASE, playerId: bot_1, phase: action, turn: 3}
[LOG] {TRACE: BOT_TURN_START, turn: 3, playerId: bot_1, playerName: Bot 2, phase: action}
[LOG] {TRACE: BOT_ACTION_PHASE, playerId: bot_1, phase: action, statePhase: action}
[LOG] Calling getBotDecision()
[LOG] {TRACE: GET_BOT_DECISION, playerId: bot_1, botType: BULL, phase: action, strategyMode: BALANCED}
[LOG] {TRACE: UTILITY, action: tile-action, utility: 0, expectedValue: 0, probability: 1}
[LOG] {TRACE: UTILITY, action: tile-action, utility: -90, expectedValue: -100, probability: 0.5}
[LOG] {TRACE: CANDIDATES, playerId: bot_1, botType: BULL, strategyMode: RECOVERY, phase: action}
[LOG] {TRACE: HUMANIZATION, candidateActions: Array(2), chosenAction: tile-action}
[LOG] Bot action {type: tile-action, payload: Object, debug: Object}
[LOG] Dispatching bot action tile-action
[LOG] {TRACE: BOT_EXECUTION_BEGIN, executionId: 1_3_tile-action_1783753418819, playerId: bot_1, turn: 3, phase: action}
[LOG] {TRACE: BOT_STATE_DRIFT, computedState: Object, executedState: Object}
[LOG] {TRACE: BOT_PAYLOAD, action: tile-action, payload: Object}
[LOG] {TRACE: BOT_DISPATCH, playerId: bot_1, botType: BULL, phase: action, turn: 3}
[LOG] {source: unknown, roomId: play-local, gameVersion: 0, turn: 3, currentPlayer: 1}
[LOG] {
  "timestamp": "2026-07-11T07:03:38.820Z",
  "event": "SET_GAME_STATE_CALL",
  "source": "unknown",
  "previousState": {
    "turn": 3,
    "phase": "action"
  },
  "newState": {
    "turn": 3,
    "phase": "trade"
  }
}
[LOG] {
  "event": "STATE_HASH",
  "turn": 3,
  "year": 1,
  "hash": "6175b00c"
}
[LOG] {
  "event": "TURN_OWNER_STATE",
  "source": "unknown",
  "turn": 3,
  "year": 1,
  "phase": "trade",
  "currentPlayerIndex": 1,
  "currentPlayerId": "bot_1",
  "isMyTurn": true,
  "stateHash": "6175b00c"
}
[LOG] {
  "timestamp": "2026-07-11T07:03:38.821Z",
  "event": "STATE_TRANSITION",
  "source": "tile-action",
  "actionId": "local_tile-action_1783753418820",
  "roomStatus": "active",
  "playerCount": 2,
  "activePlayer": "Bot 2",
  "gamePhase": "trade",
  "currentTurnBeforeAction": {
    "currentPlayerIndex": 1,
    "currentPlayerId": "bot_1",
    "phase": "action",
    "turn": 3,
    "year": 1
  },
  "currentTurnAfterAction": {
    "currentPlayerIndex": 1,
    "currentPlayerId": "bot_1",
    "phase": "trade",
    "turn": 3,
    "year": 1
  },
  "stateDiff": {
    "phase": {
      "pre": "action",
      "post": "trade"
    }
  }
}
[LOG] {TRACE: BOT_EXECUTION_END, executionId: 1_3_tile-action_1783753418819, success: true}
[LOG] Bot action completed, isBotProcessing set to false
[LOG] BOT TURN DETECTOR EFFECT TRIGGERED. Phase: trade PlayerIdx: 1
[LOG] BOT TURN START 1
[LOG] BOT DETECTED Bot 2
[LOG] {TRACE: BOT_PHASE, playerId: bot_1, phase: trade, turn: 3}
[LOG] {TRACE: BOT_TURN_START, turn: 3, playerId: bot_1, playerName: Bot 2, phase: trade}
[LOG] {TRACE: BOT_ACTION_PHASE, playerId: bot_1, phase: trade, statePhase: trade}
[LOG] Calling getBotDecision()
[LOG] {TRACE: GET_BOT_DECISION, playerId: bot_1, botType: BULL, phase: trade, strategyMode: RECOVERY}
[LOG] {TRACE: REBALANCE, playerId: bot_1, botType: BULL, currentPortfolio: Object, targetPortfolio: Object}
[LOG] {TRACE: UTILITY, action: end-turn, utility: 0, expectedValue: 0, probability: 1}
[LOG] {TRACE: AUDIT_THRESHOLD, year: 1, asset: cash, threshold: 20}
[LOG] {TRACE: AUDIT_THRESHOLD, year: 1, asset: bonds, threshold: 20}
[LOG] {TRACE: AUDIT_THRESHOLD, year: 1, asset: stocks, threshold: 20}
[LOG] {TRACE: ACTION_REJECTED, action: Object, reason: BELOW_THRESHOLD, utility: -9999, expectedValue: 0}
[LOG] {TRACE: UTILITY, action: create-trade, utility: 0.3, expectedValue: 0.3, probability: 0.3}
[LOG] {TRACE: UTILITY, action: rebalance, utility: 7, expectedValue: 5, probability: 1}
[LOG] {TRACE: CANDIDATES, playerId: bot_1, botType: BULL, strategyMode: RECOVERY, phase: trade}
[LOG] {TRACE: HUMANIZATION, candidateActions: Array(3), chosenAction: rebalance}
[LOG] Bot action {type: rebalance, payload: Object, debug: Object}
[LOG] Dispatching bot action rebalance
[LOG] {TRACE: BOT_EXECUTION_BEGIN, executionId: 1_3_rebalance_1783753419386, playerId: bot_1, turn: 3, phase: trade}
[LOG] {TRACE: BOT_STATE_DRIFT, computedState: Object, executedState: Object}
[LOG] {TRACE: BOT_PAYLOAD, action: rebalance, payload: Object}
[LOG] {TRACE: BOT_DISPATCH, playerId: bot_1, botType: BULL, phase: trade, turn: 3}
[LOG] {source: unknown, roomId: play-local, gameVersion: 0, turn: 3, currentPlayer: 1}
[LOG] {
  "timestamp": "2026-07-11T07:03:39.386Z",
  "event": "SET_GAME_STATE_CALL",
  "source": "unknown",
  "previousState": {
    "turn": 3,
    "phase": "trade"
  },
  "newState": {
    "turn": 3,
    "phase": "action"
  }
}
[LOG] {
  "event": "STATE_HASH",
  "turn": 3,
  "year": 1,
  "hash": "f5a22e27"
}
[LOG] {
  "event": "TURN_OWNER_STATE",
  "source": "unknown",
  "turn": 3,
  "year": 1,
  "phase": "action",
  "currentPlayerIndex": 1,
  "currentPlayerId": "bot_1",
  "isMyTurn": true,
  "stateHash": "f5a22e27"
}
[LOG] {
  "timestamp": "2026-07-11T07:03:39.387Z",
  "event": "STATE_TRANSITION",
  "source": "rebalance",
  "actionId": "local_rebalance_1783753419386",
  "roomStatus": "active",
  "playerCount": 2,
  "activePlayer": "Bot 2",
  "gamePhase": "action",
  "currentTurnBeforeAction": {
    "currentPlayerIndex": 1,
    "currentPlayerId": "bot_1",
    "phase": "trade",
    "turn": 3,
    "year": 1
  },
  "currentTurnAfterAction": {
    "currentPlayerIndex": 1,
    "currentPlayerId": "bot_1",
    "phase": "action",
    "turn": 3,
    "year": 1
  },
  "stateDiff": {
    "phase": {
      "pre": "trade",
      "post": "action"
    },
    "players": {
      "Bot 2": {
        "cash": {
          "pre": 3,
          "post": 0
        }
      }
    }
  }
}
[LOG] {TRACE: BOT_EXECUTION_END, executionId: 1_3_rebalance_1783753419386, success: true}
[LOG] Bot action completed, isBotProcessing set to false
[LOG] BOT TURN DETECTOR EFFECT TRIGGERED. Phase: action PlayerIdx: 1
[LOG] BOT TURN START 1
[LOG] BOT DETECTED Bot 2
[LOG] {TRACE: BOT_PHASE, playerId: bot_1, phase: action, turn: 3}
[LOG] {TRACE: BOT_TURN_START, turn: 3, playerId: bot_1, playerName: Bot 2, phase: action}
[LOG] {TRACE: BOT_ACTION_PHASE, playerId: bot_1, phase: action, statePhase: action}
[LOG] Calling getBotDecision()
[LOG] {TRACE: GET_BOT_DECISION, playerId: bot_1, botType: BULL, phase: action, strategyMode: RECOVERY}
[LOG] {TRACE: UTILITY, action: tile-action, utility: 0, expectedValue: 0, probability: 1}
[LOG] {TRACE: ACTION_REJECTED, action: Object, reason: BANKRUPTCY_RISK, utility: -9999, expectedValue: 0}
[LOG] {TRACE: CANDIDATES, playerId: bot_1, botType: BULL, strategyMode: RECOVERY, phase: action}
[LOG] {TRACE: HUMANIZATION, candidateActions: Array(1), chosenAction: tile-action}
[LOG] Bot action {type: tile-action, payload: Object, debug: Object}
[LOG] Dispatching bot action tile-action
[LOG] {TRACE: BOT_EXECUTION_BEGIN, executionId: 1_3_tile-action_1783753419762, playerId: bot_1, turn: 3, phase: action}
[LOG] {TRACE: BOT_STATE_DRIFT, computedState: Object, executedState: Object}
[LOG] {TRACE: BOT_PAYLOAD, action: tile-action, payload: Object}
[LOG] {TRACE: BOT_DISPATCH, playerId: bot_1, botType: BULL, phase: action, turn: 3}
[LOG] {source: unknown, roomId: play-local, gameVersion: 0, turn: 3, currentPlayer: 1}
[LOG] {
  "timestamp": "2026-07-11T07:03:39.763Z",
  "event": "SET_GAME_STATE_CALL",
  "source": "unknown",
  "previousState": {
    "turn": 3,
    "phase": "action"
  },
  "newState": {
    "turn": 3,
    "phase": "trade"
  }
}
[LOG] {
  "event": "STATE_HASH",
  "turn": 3,
  "year": 1,
  "hash": "1648b622"
}
[LOG] {
  "event": "TURN_OWNER_STATE",
  "source": "unknown",
  "turn": 3,
  "year": 1,
  "phase": "trade",
  "currentPlayerIndex": 1,
  "currentPlayerId": "bot_1",
  "isMyTurn": true,
  "stateHash": "1648b622"
}
[LOG] {
  "timestamp": "2026-07-11T07:03:39.764Z",
  "event": "STATE_TRANSITION",
  "source": "tile-action",
  "actionId": "local_tile-action_1783753419763",
  "roomStatus": "active",
  "playerCount": 2,
  "activePlayer": "Bot 2",
  "gamePhase": "trade",
  "currentTurnBeforeAction": {
    "currentPlayerIndex": 1,
    "currentPlayerId": "bot_1",
    "phase": "action",
    "turn": 3,
    "year": 1
  },
  "currentTurnAfterAction": {
    "currentPlayerIndex": 1,
    "currentPlayerId": "bot_1",
    "phase": "trade",
    "turn": 3,
    "year": 1
  },
  "stateDiff": {
    "phase": {
      "pre": "action",
      "post": "trade"
    }
  }
}
[LOG] {TRACE: BOT_EXECUTION_END, executionId: 1_3_tile-action_1783753419762, success: true}
[LOG] Bot action completed, isBotProcessing set to false
[LOG] BOT TURN DETECTOR EFFECT TRIGGERED. Phase: trade PlayerIdx: 1
[LOG] BOT TURN START 1
[LOG] BOT DETECTED Bot 2
[LOG] {TRACE: BOT_PHASE, playerId: bot_1, phase: trade, turn: 3}
[LOG] {TRACE: BOT_TURN_START, turn: 3, playerId: bot_1, playerName: Bot 2, phase: trade}
[LOG] {TRACE: BOT_ACTION_PHASE, playerId: bot_1, phase: trade, statePhase: trade}
[LOG] Calling getBotDecision()
[LOG] {TRACE: GET_BOT_DECISION, playerId: bot_1, botType: BULL, phase: trade, strategyMode: RECOVERY}
[LOG] {TRACE: REBALANCE, playerId: bot_1, botType: BULL, currentPortfolio: Object, targetPortfolio: Object}
[LOG] {TRACE: UTILITY, action: end-turn, utility: 0, expectedValue: 0, probability: 1}
[LOG] {TRACE: AUDIT_THRESHOLD, year: 1, asset: cash, threshold: 20}
[LOG] {TRACE: AUDIT_THRESHOLD, year: 1, asset: bonds, threshold: 20}
[LOG] {TRACE: AUDIT_THRESHOLD, year: 1, asset: stocks, threshold: 20}
[LOG] {TRACE: ACTION_REJECTED, action: Object, reason: BELOW_THRESHOLD, utility: -9999, expectedValue: 0}
[LOG] {TRACE: ACTION_REJECTED, action: Object, reason: BANKRUPTCY_RISK, utility: -9999, expectedValue: 0}
[LOG] {TRACE: CANDIDATES, playerId: bot_1, botType: BULL, strategyMode: RECOVERY, phase: trade}
[LOG] {TRACE: HUMANIZATION, candidateActions: Array(1), chosenAction: end-turn}
[LOG] Bot action {type: end-turn, debug: Object}
[LOG] Dispatching bot action end-turn
[LOG] {TRACE: BOT_EXECUTION_BEGIN, executionId: 1_3_end-turn_1783753420490, playerId: bot_1, turn: 3, phase: trade}
[LOG] {TRACE: BOT_STATE_DRIFT, computedState: Object, executedState: Object}
[LOG] {TRACE: BOT_PAYLOAD, action: end-turn, payload: undefined}
[LOG] {TRACE: BOT_DISPATCH, playerId: bot_1, botType: BULL, phase: trade, turn: 3}
[LOG] {source: unknown, roomId: play-local, gameVersion: 0, turn: 4, currentPlayer: 0}
[LOG] {
  "timestamp": "2026-07-11T07:03:40.491Z",
  "event": "SET_GAME_STATE_CALL",
  "source": "unknown",
  "previousState": {
    "turn": 3,
    "phase": "trade"
  },
  "newState": {
    "turn": 4,
    "phase": "roll"
  }
}
[LOG] {
  "event": "STATE_HASH",
  "turn": 4,
  "year": 1,
  "hash": "8e24ad03"
}
[LOG] {
  "event": "TURN_OWNER_STATE",
  "source": "unknown",
  "turn": 4,
  "year": 1,
  "phase": "roll",
  "currentPlayerIndex": 0,
  "currentPlayerId": "bot_0",
  "isMyTurn": true,
  "stateHash": "8e24ad03"
}
[LOG] {
  "timestamp": "2026-07-11T07:03:40.492Z",
  "event": "STATE_TRANSITION",
  "source": "end-turn",
  "actionId": "local_end-turn_1783753420491",
  "roomStatus": "active",
  "playerCount": 2,
  "activePlayer": "Bot 1",
  "gamePhase": "roll",
  "currentTurnBeforeAction": {
    "currentPlayerIndex": 1,
    "currentPlayerId": "bot_1",
    "phase": "trade",
    "turn": 3,
    "year": 1
  },
  "currentTurnAfterAction": {
    "currentPlayerIndex": 0,
    "currentPlayerId": "bot_0",
    "phase": "roll",
    "turn": 4,
    "year": 1
  },
  "stateDiff": {
    "phase": {
      "pre": "trade",
      "post": "roll"
    },
    "currentPlayerIndex": {
      "pre": 1,
      "post": 0
    },
    "turn": {
      "pre": 3,
      "post": 4
    },
    "announcement": {
      "pre": "👮 TAX RAID!"
    }
  }
}
[LOG] {TRACE: BOT_EXECUTION_END, executionId: 1_3_end-turn_1783753420490, success: true}
[LOG] Bot action completed, isBotProcessing set to false
[LOG] BOT TURN DETECTOR EFFECT TRIGGERED. Phase: roll PlayerIdx: 0
[LOG] BOT TURN START 0
[LOG] BOT DETECTED Bot 1
[LOG] {TRACE: BOT_PHASE, playerId: bot_0, phase: roll, turn: 4}
[LOG] {TRACE: BOT_TURN_START, turn: 4, playerId: bot_0, playerName: Bot 1, phase: roll}
[LOG] {TRACE: BOT_ACTION_PHASE, playerId: bot_0, phase: roll, statePhase: roll}
[LOG] Calling getBotDecision()
[LOG] {TRACE: GET_BOT_DECISION, playerId: bot_0, botType: SAFETY_BUILDER, phase: roll, strategyMode: BALANCED}
[LOG] {TRACE: ACTION_REJECTED, action: Object, reason: CASH_FLOOR, utility: -9999, expectedValue: 0}
[LOG] Bot action {type: skip}
[LOG] Dispatching bot action skip
[LOG] {TRACE: BOT_EXECUTION_BEGIN, executionId: 0_4_skip_1783753420863, playerId: bot_0, turn: 4, phase: roll}
[LOG] {TRACE: BOT_STATE_DRIFT, computedState: Object, executedState: Object}
[LOG] {TRACE: BOT_PAYLOAD, action: skip, payload: undefined}
[LOG] {TRACE: BOT_DISPATCH, playerId: bot_0, botType: SAFETY_BUILDER, phase: roll, turn: 4}
[LOG] {source: unknown, roomId: play-local, gameVersion: 0, turn: 5, currentPlayer: 1}
[LOG] {
  "timestamp": "2026-07-11T07:03:40.864Z",
  "event": "SET_GAME_STATE_CALL",
  "source": "unknown",
  "previousState": {
    "turn": 4,
    "phase": "roll"
  },
  "newState": {
    "turn": 5,
    "phase": "roll"
  }
}
[LOG] {
  "event": "STATE_HASH",
  "turn": 5,
  "year": 1,
  "hash": "ff3e54b0"
}
[LOG] {
  "event": "TURN_OWNER_STATE",
  "source": "unknown",
  "turn": 5,
  "year": 1,
  "phase": "roll",
  "currentPlayerIndex": 1,
  "currentPlayerId": "bot_1",
  "isMyTurn": true,
  "stateHash": "ff3e54b0"
}
[LOG] {
  "timestamp": "2026-07-11T07:03:40.864Z",
  "event": "STATE_TRANSITION",
  "source": "end-turn",
  "actionId": "local_end-turn_1783753420864",
  "roomStatus": "active",
  "playerCount": 2,
  "activePlayer": "Bot 2",
  "gamePhase": "roll",
  "currentTurnBeforeAction": {
    "currentPlayerIndex": 0,
    "currentPlayerId": "bot_0",
    "phase": "roll",
    "turn": 4,
    "year": 1
  },
  "currentTurnAfterAction": {
    "currentPlayerIndex": 1,
    "currentPlayerId": "bot_1",
    "phase": "roll",
    "turn": 5,
    "year": 1
  },
  "stateDiff": {
    "currentPlayerIndex": {
      "pre": 0,
      "post": 1
    },
    "turn": {
      "pre": 4,
      "post": 5
    }
  }
}
[LOG] {TRACE: BOT_EXECUTION_END, executionId: 0_4_skip_1783753420863, success: true}
[LOG] Bot action completed, isBotProcessing set to false
[LOG] BOT TURN DETECTOR EFFECT TRIGGERED. Phase: roll PlayerIdx: 1
[LOG] BOT TURN START 1
[LOG] BOT DETECTED Bot 2
[LOG] {TRACE: BOT_PHASE, playerId: bot_1, phase: roll, turn: 5}
[LOG] {TRACE: BOT_TURN_START, turn: 5, playerId: bot_1, playerName: Bot 2, phase: roll}
[LOG] {TRACE: BOT_ACTION_PHASE, playerId: bot_1, phase: roll, statePhase: roll}
[LOG] Calling getBotDecision()
[LOG] {TRACE: GET_BOT_DECISION, playerId: bot_1, botType: BULL, phase: roll, strategyMode: RECOVERY}
[LOG] {TRACE: UTILITY, action: roll, utility: 100, expectedValue: 0, probability: 1}
[LOG] {TRACE: CANDIDATES, playerId: bot_1, botType: BULL, strategyMode: RECOVERY, phase: roll}
[LOG] {TRACE: HUMANIZATION, candidateActions: Array(1), chosenAction: roll}
[LOG] Bot action {type: roll, debug: Object}
[LOG] Dispatching bot action roll
[LOG] {TRACE: BOT_EXECUTION_BEGIN, executionId: 1_5_roll_1783753421565, playerId: bot_1, turn: 5, phase: roll}
[LOG] {TRACE: BOT_STATE_DRIFT, computedState: Object, executedState: Object}
[LOG] {TRACE: BOT_PAYLOAD, action: roll, payload: undefined}
[LOG] {
  "timestamp": "2026-07-11T07:03:41.894Z",
  "event": "FREEZE_DETECTED",
  "roomId": null,
  "timeSinceLastUpdateMs": 10729,
  "gamePhase": "roll",
  "activePlayer": "Bot 2",
  "pusherState": "connected",
  "watchdogRefreshesCount": 0,
  "message": "Active gameplay freeze detected! No state updates received for 11s."
}
[LOG] {TRACE: BOT_DISPATCH, playerId: bot_1, botType: BULL, phase: roll, turn: 5}
[LOG] {source: unknown, roomId: play-local, gameVersion: 0, turn: 5, currentPlayer: 1}
[LOG] {
  "timestamp": "2026-07-11T07:03:42.549Z",
  "event": "SET_GAME_STATE_CALL",
  "source": "unknown",
  "previousState": {
    "turn": 5,
    "phase": "roll"
  },
  "newState": {
    "turn": 5,
    "phase": "action"
  }
}
[LOG] {
  "event": "STATE_HASH",
  "turn": 5,
  "year": 1,
  "hash": "f2967ce"
}
[LOG] {
  "event": "TURN_OWNER_STATE",
  "source": "unknown",
  "turn": 5,
  "year": 1,
  "phase": "action",
  "currentPlayerIndex": 1,
  "currentPlayerId": "bot_1",
  "isMyTurn": true,
  "stateHash": "f2967ce"
}
[LOG] {
  "timestamp": "2026-07-11T07:03:42.550Z",
  "event": "STATE_TRANSITION",
  "source": "roll",
  "actionId": "local_roll_1783753422548",
  "roomStatus": "active",
  "playerCount": 2,
  "activePlayer": "Bot 2",
  "gamePhase": "action",
  "currentTurnBeforeAction": {
    "currentPlayerIndex": 1,
    "currentPlayerId": "bot_1",
    "phase": "roll",
    "turn": 5,
    "year": 1
  },
  "currentTurnAfterAction": {
    "currentPlayerIndex": 1,
    "currentPlayerId": "bot_1",
    "phase": "action",
    "turn": 5,
    "year": 1
  },
  "stateDiff": {
    "phase": {
      "pre": "roll",
      "post": "action"
    },
    "players": {
      "Bot 2": {
        "cash": {
          "pre": 0,
          "post": 3
        },
        "position": {
          "pre": 2,
          "post": 5
        }
      }
    }
  }
}
[LOG] {TRACE: BOT_DISPATCH, playerId: bot_1, botType: BULL, phase: action, turn: 5}
[LOG] {source: unknown, roomId: play-local, gameVersion: 0, turn: 5, currentPlayer: 1}
[LOG] {
  "timestamp": "2026-07-11T07:03:42.551Z",
  "event": "SET_GAME_STATE_CALL",
  "source": "unknown",
  "previousState": {
    "turn": 5,
    "phase": "action"
  },
  "newState": {
    "turn": 5,
    "phase": "action"
  }
}
[LOG] {
  "event": "STATE_HASH",
  "turn": 5,
  "year": 1,
  "hash": "f2967ce"
}
[LOG] {
  "event": "TURN_OWNER_STATE",
  "source": "unknown",
  "turn": 5,
  "year": 1,
  "phase": "action",
  "currentPlayerIndex": 1,
  "currentPlayerId": "bot_1",
  "isMyTurn": true,
  "stateHash": "f2967ce"
}
[LOG] {
  "timestamp": "2026-07-11T07:03:42.552Z",
  "event": "STATE_TRANSITION",
  "source": "tile-action",
  "actionId": "local_tile-action_1783753422550",
  "roomStatus": "active",
  "playerCount": 2,
  "activePlayer": "Bot 2",
  "gamePhase": "action",
  "currentTurnBeforeAction": {
    "currentPlayerIndex": 1,
    "currentPlayerId": "bot_1",
    "phase": "action",
    "turn": 5,
    "year": 1
  },
  "currentTurnAfterAction": {
    "currentPlayerIndex": 1,
    "currentPlayerId": "bot_1",
    "phase": "action",
    "turn": 5,
    "year": 1
  },
  "stateDiff": {}
}
[LOG] BOT TURN DETECTOR EFFECT TRIGGERED. Phase: action PlayerIdx: 1
[LOG] BOT TURN START 1
[LOG] BOT DETECTED Bot 2
[LOG] {TRACE: BOT_PHASE, playerId: bot_1, phase: action, turn: 5}
[LOG] {TRACE: BOT_DISPATCH, playerId: bot_1, botType: BULL, phase: action, turn: 5}
[LOG] {source: unknown, roomId: play-local, gameVersion: 0, turn: 5, currentPlayer: 1}
[LOG] {
  "timestamp": "2026-07-11T07:03:42.965Z",
  "event": "SET_GAME_STATE_CALL",
  "source": "unknown",
  "previousState": {
    "turn": 5,
    "phase": "action"
  },
  "newState": {
    "turn": 5,
    "phase": "action"
  }
}
[LOG] {
  "event": "STATE_HASH",
  "turn": 5,
  "year": 1,
  "hash": "b4a4b081"
}
[LOG] {
  "event": "TURN_OWNER_STATE",
  "source": "unknown",
  "turn": 5,
  "year": 1,
  "phase": "action",
  "currentPlayerIndex": 1,
  "currentPlayerId": "bot_1",
  "isMyTurn": true,
  "stateHash": "b4a4b081"
}
[LOG] {
  "timestamp": "2026-07-11T07:03:42.966Z",
  "event": "STATE_TRANSITION",
  "source": "tile-action",
  "actionId": "local_tile-action_1783753422964",
  "roomStatus": "active",
  "playerCount": 2,
  "activePlayer": "Bot 2",
  "gamePhase": "action",
  "currentTurnBeforeAction": {
    "currentPlayerIndex": 1,
    "currentPlayerId": "bot_1",
    "phase": "action",
    "turn": 5,
    "year": 1
  },
  "currentTurnAfterAction": {
    "currentPlayerIndex": 1,
    "currentPlayerId": "bot_1",
    "phase": "action",
    "turn": 5,
    "year": 1
  },
  "stateDiff": {}
}
[LOG] {TRACE: BOT_ROLL, playerId: bot_1, botType: BULL, phase: roll, turn: 5}
[LOG] {TRACE: BOT_DISPATCH, playerId: bot_1, botType: BULL, phase: action, turn: 5}
[LOG] {source: unknown, roomId: play-local, gameVersion: 0, turn: 5, currentPlayer: 1}
[LOG] {
  "timestamp": "2026-07-11T07:03:43.381Z",
  "event": "SET_GAME_STATE_CALL",
  "source": "unknown",
  "previousState": {
    "turn": 5,
    "phase": "action"
  },
  "newState": {
    "turn": 5,
    "phase": "action"
  }
}
[LOG] {
  "event": "STATE_HASH",
  "turn": 5,
  "year": 1,
  "hash": "e7e75fe3"
}
[LOG] {
  "event": "TURN_OWNER_STATE",
  "source": "unknown",
  "turn": 5,
  "year": 1,
  "phase": "action",
  "currentPlayerIndex": 1,
  "currentPlayerId": "bot_1",
  "isMyTurn": true,
  "stateHash": "e7e75fe3"
}
[LOG] {
  "timestamp": "2026-07-11T07:03:43.381Z",
  "event": "STATE_TRANSITION",
  "source": "roll",
  "actionId": "local_roll_1783753423380",
  "roomStatus": "active",
  "playerCount": 2,
  "activePlayer": "Bot 2",
  "gamePhase": "action",
  "currentTurnBeforeAction": {
    "currentPlayerIndex": 1,
    "currentPlayerId": "bot_1",
    "phase": "action",
    "turn": 5,
    "year": 1
  },
  "currentTurnAfterAction": {
    "currentPlayerIndex": 1,
    "currentPlayerId": "bot_1",
    "phase": "action",
    "turn": 5,
    "year": 1
  },
  "stateDiff": {
    "players": {
      "Bot 2": {
        "cash": {
          "pre": 3,
          "post": 6
        },
        "position": {
          "pre": 5,
          "post": 10
        }
      }
    }
  }
}
[LOG] {TRACE: BOT_EXECUTION_END, executionId: 1_5_roll_1783753421565, success: true}
[LOG] Bot action completed, isBotProcessing set to false
[LOG] BOT TURN DETECTOR EFFECT TRIGGERED. Phase: action PlayerIdx: 1
[LOG] BOT TURN START 1
[LOG] BOT DETECTED Bot 2
[LOG] {TRACE: BOT_PHASE, playerId: bot_1, phase: action, turn: 5}
[LOG] {TRACE: BOT_TURN_START, turn: 5, playerId: bot_1, playerName: Bot 2, phase: action}
[LOG] {TRACE: BOT_ACTION_PHASE, playerId: bot_1, phase: action, statePhase: action}
[LOG] Calling getBotDecision()
[LOG] {TRACE: GET_BOT_DECISION, playerId: bot_1, botType: BULL, phase: action, strategyMode: RECOVERY}
[LOG] {TRACE: UTILITY, action: tile-action, utility: 0, expectedValue: 0, probability: 1}
[LOG] {TRACE: CANDIDATES, playerId: bot_1, botType: BULL, strategyMode: RECOVERY, phase: action}
[LOG] {TRACE: HUMANIZATION, candidateActions: Array(1), chosenAction: tile-action}
[LOG] Bot action {type: tile-action, debug: Object}
[LOG] Dispatching bot action tile-action
[LOG] {TRACE: BOT_EXECUTION_BEGIN, executionId: 1_5_tile-action_1783753423859, playerId: bot_1, turn: 5, phase: action}
[LOG] {TRACE: BOT_STATE_DRIFT, computedState: Object, executedState: Object}
[LOG] {TRACE: BOT_PAYLOAD, action: tile-action, payload: undefined}
[LOG] {TRACE: BOT_DISPATCH, playerId: bot_1, botType: BULL, phase: action, turn: 5}
[LOG] {source: unknown, roomId: play-local, gameVersion: 0, turn: 5, currentPlayer: 1}
[LOG] {
  "timestamp": "2026-07-11T07:03:43.861Z",
  "event": "SET_GAME_STATE_CALL",
  "source": "unknown",
  "previousState": {
    "turn": 5,
    "phase": "action"
  },
  "newState": {
    "turn": 5,
    "phase": "trade"
  }
}
[LOG] {
  "event": "STATE_HASH",
  "turn": 5,
  "year": 1,
  "hash": "6b21c7b3"
}
[LOG] {
  "event": "TURN_OWNER_STATE",
  "source": "unknown",
  "turn": 5,
  "year": 1,
  "phase": "trade",
  "currentPlayerIndex": 1,
  "currentPlayerId": "bot_1",
  "isMyTurn": true,
  "stateHash": "6b21c7b3"
}
[LOG] {
  "timestamp": "2026-07-11T07:03:43.861Z",
  "event": "STATE_TRANSITION",
  "source": "tile-action",
  "actionId": "local_tile-action_1783753423860",
  "roomStatus": "active",
  "playerCount": 2,
  "activePlayer": "Bot 2",
  "gamePhase": "trade",
  "currentTurnBeforeAction": {
    "currentPlayerIndex": 1,
    "currentPlayerId": "bot_1",
    "phase": "action",
    "turn": 5,
    "year": 1
  },
  "currentTurnAfterAction": {
    "currentPlayerIndex": 1,
    "currentPlayerId": "bot_1",
    "phase": "trade",
    "turn": 5,
    "year": 1
  },
  "stateDiff": {
    "phase": {
      "pre": "action",
      "post": "trade"
    },
    "announcement": {
      "post": "📉 STOCK CRASH!"
    },
    "players": {
      "Bot 2": {
        "stocks": {
          "pre": 5,
          "post": 3
        }
      }
    }
  }
}
[LOG] {TRACE: BOT_EXECUTION_END, executionId: 1_5_tile-action_1783753423859, success: true}
[LOG] Bot action completed, isBotProcessing set to false
[LOG] BOT TURN DETECTOR EFFECT TRIGGERED. Phase: trade PlayerIdx: 1
[LOG] BOT TURN START 1
[LOG] BOT DETECTED Bot 2
[LOG] {TRACE: BOT_PHASE, playerId: bot_1, phase: trade, turn: 5}
[LOG] {TRACE: BOT_TURN_START, turn: 5, playerId: bot_1, playerName: Bot 2, phase: trade}
[LOG] {TRACE: BOT_ACTION_PHASE, playerId: bot_1, phase: trade, statePhase: trade}
[LOG] Calling getBotDecision()
[LOG] {TRACE: GET_BOT_DECISION, playerId: bot_1, botType: BULL, phase: trade, strategyMode: RECOVERY}
[LOG] {TRACE: REBALANCE, playerId: bot_1, botType: BULL, currentPortfolio: Object, targetPortfolio: Object}
[LOG] {TRACE: UTILITY, action: end-turn, utility: 0, expectedValue: 0, probability: 1}
[LOG] {TRACE: AUDIT_THRESHOLD, year: 1, asset: cash, threshold: 20}
[LOG] {TRACE: AUDIT_THRESHOLD, year: 1, asset: bonds, threshold: 20}
[LOG] {TRACE: AUDIT_THRESHOLD, year: 1, asset: stocks, threshold: 20}
[LOG] {TRACE: ACTION_REJECTED, action: Object, reason: BELOW_THRESHOLD, utility: -9999, expectedValue: 0}
[LOG] {TRACE: UTILITY, action: create-trade, utility: 0.3, expectedValue: 0.3, probability: 0.3}
[LOG] {TRACE: UTILITY, action: create-trade, utility: 0.3, expectedValue: 0.3, probability: 0.3}
[LOG] {TRACE: UTILITY, action: rebalance, utility: 7, expectedValue: 5, probability: 1}
[LOG] {TRACE: CANDIDATES, playerId: bot_1, botType: BULL, strategyMode: RECOVERY, phase: trade}
[LOG] {TRACE: HUMANIZATION, candidateActions: Array(4), chosenAction: rebalance}
[LOG] Bot action {type: rebalance, payload: Object, debug: Object}
[LOG] Dispatching bot action rebalance
[LOG] {TRACE: BOT_EXECUTION_BEGIN, executionId: 1_5_rebalance_1783753424235, playerId: bot_1, turn: 5, phase: trade}
[LOG] {TRACE: BOT_STATE_DRIFT, computedState: Object, executedState: Object}
[LOG] {TRACE: BOT_PAYLOAD, action: rebalance, payload: Object}
[LOG] {TRACE: BOT_DISPATCH, playerId: bot_1, botType: BULL, phase: trade, turn: 5}
[LOG] BOT DISPATCH ERROR (suppressed alert): Bonds and Stocks adjustments must be in complete 5L blocks.
[LOG] {source: unknown, roomId: play-local, gameVersion: 0, turn: 5, currentPlayer: 1}
[LOG] {
  "timestamp": "2026-07-11T07:03:44.238Z",
  "event": "SET_GAME_STATE_CALL",
  "source": "unknown",
  "previousState": {
    "turn": 5,
    "phase": "trade"
  },
  "newState": {
    "turn": 5,
    "phase": "trade"
  }
}
[LOG] {
  "event": "STATE_HASH",
  "turn": 5,
  "year": 1,
  "hash": "6b21c7b3"
}
[LOG] {
  "event": "TURN_OWNER_STATE",
  "source": "unknown",
  "turn": 5,
  "year": 1,
  "phase": "trade",
  "currentPlayerIndex": 1,
  "currentPlayerId": "bot_1",
  "isMyTurn": true,
  "stateHash": "6b21c7b3"
}
[LOG] {
  "timestamp": "2026-07-11T07:03:44.239Z",
  "event": "STATE_TRANSITION",
  "source": "rebalance",
  "actionId": "local_rebalance_1783753424236",
  "roomStatus": "active",
  "playerCount": 2,
  "activePlayer": "Bot 2",
  "gamePhase": "trade",
  "currentTurnBeforeAction": {
    "currentPlayerIndex": 1,
    "currentPlayerId": "bot_1",
    "phase": "trade",
    "turn": 5,
    "year": 1
  },
  "currentTurnAfterAction": {
    "currentPlayerIndex": 1,
    "currentPlayerId": "bot_1",
    "phase": "trade",
    "turn": 5,
    "year": 1
  },
  "stateDiff": {}
}
[LOG] {TRACE: BOT_EXECUTION_END, executionId: 1_5_rebalance_1783753424235, success: true}
[LOG] Bot action completed, isBotProcessing set to false
[LOG] BOT TURN DETECTOR EFFECT TRIGGERED. Phase: trade PlayerIdx: 1
[LOG] BOT TURN START 1
[LOG] BOT DETECTED Bot 2
[LOG] {TRACE: BOT_PHASE, playerId: bot_1, phase: trade, turn: 5}
[LOG] {TRACE: BOT_TURN_START, turn: 5, playerId: bot_1, playerName: Bot 2, phase: trade}
[LOG] {TRACE: BOT_ACTION_PHASE, playerId: bot_1, phase: trade, statePhase: trade}
[LOG] Calling getBotDecision()
[LOG] {TRACE: GET_BOT_DECISION, playerId: bot_1, botType: BULL, phase: trade, strategyMode: RECOVERY}
[LOG] {TRACE: REBALANCE, playerId: bot_1, botType: BULL, currentPortfolio: Object, targetPortfolio: Object}
[LOG] {TRACE: UTILITY, action: end-turn, utility: 0, expectedValue: 0, probability: 1}
[LOG] {TRACE: AUDIT_THRESHOLD, year: 1, asset: cash, threshold: 20}
[LOG] {TRACE: AUDIT_THRESHOLD, year: 1, asset: bonds, threshold: 20}
[LOG] {TRACE: AUDIT_THRESHOLD, year: 1, asset: stocks, threshold: 20}
[LOG] {TRACE: ACTION_REJECTED, action: Object, reason: BELOW_THRESHOLD, utility: -9999, expectedValue: 0}
[LOG] {TRACE: UTILITY, action: create-trade, utility: 0.3, expectedValue: 0.3, probability: 0.3}
[LOG] {TRACE: UTILITY, action: create-trade, utility: 0.3, expectedValue: 0.3, probability: 0.3}
[LOG] {TRACE: UTILITY, action: rebalance, utility: 7, expectedValue: 5, probability: 1}
[LOG] {TRACE: CANDIDATES, playerId: bot_1, botType: BULL, strategyMode: RECOVERY, phase: trade}
[LOG] {TRACE: HUMANIZATION, candidateActions: Array(4), chosenAction: rebalance}
[LOG] Bot action {type: rebalance, payload: Object, debug: Object}
[LOG] Dispatching bot action rebalance
[LOG] {TRACE: BOT_EXECUTION_BEGIN, executionId: 1_5_rebalance_1783753424900, playerId: bot_1, turn: 5, phase: trade}
[LOG] {TRACE: BOT_STATE_DRIFT, computedState: Object, executedState: Object}
[LOG] {TRACE: BOT_PAYLOAD, action: rebalance, payload: Object}
[LOG] {TRACE: BOT_DISPATCH, playerId: bot_1, botType: BULL, phase: trade, turn: 5}
[LOG] BOT DISPATCH ERROR (suppressed alert): Bonds and Stocks adjustments must be in complete 5L blocks.
[LOG] {source: unknown, roomId: play-local, gameVersion: 0, turn: 5, currentPlayer: 1}
[LOG] {
  "timestamp": "2026-07-11T07:03:44.901Z",
  "event": "SET_GAME_STATE_CALL",
  "source": "unknown",
  "previousState": {
    "turn": 5,
    "phase": "trade"
  },
  "newState": {
    "turn": 5,
    "phase": "trade"
  }
}
[LOG] {
  "event": "STATE_HASH",
  "turn": 5,
  "year": 1,
  "hash": "6b21c7b3"
}
[LOG] {
  "event": "TURN_OWNER_STATE",
  "source": "unknown",
  "turn": 5,
  "year": 1,
  "phase": "trade",
  "currentPlayerIndex": 1,
  "currentPlayerId": "bot_1",
  "isMyTurn": true,
  "stateHash": "6b21c7b3"
}
[LOG] {
  "timestamp": "2026-07-11T07:03:44.902Z",
  "event": "STATE_TRANSITION",
  "source": "rebalance",
  "actionId": "local_rebalance_1783753424901",
  "roomStatus": "active",
  "playerCount": 2,
  "activePlayer": "Bot 2",
  "gamePhase": "trade",
  "currentTurnBeforeAction": {
    "currentPlayerIndex": 1,
    "currentPlayerId": "bot_1",
    "phase": "trade",
    "turn": 5,
    "year": 1
  },
  "currentTurnAfterAction": {
    "currentPlayerIndex": 1,
    "currentPlayerId": "bot_1",
    "phase": "trade",
    "turn": 5,
    "year": 1
  },
  "stateDiff": {}
}
[LOG] {TRACE: BOT_EXECUTION_END, executionId: 1_5_rebalance_1783753424900, success: true}
[LOG] Bot action completed, isBotProcessing set to false
[LOG] BOT TURN DETECTOR EFFECT TRIGGERED. Phase: trade PlayerIdx: 1
[LOG] BOT TURN START 1
[LOG] BOT DETECTED Bot 2
[LOG] {TRACE: BOT_PHASE, playerId: bot_1, phase: trade, turn: 5}
[LOG] {TRACE: BOT_TURN_START, turn: 5, playerId: bot_1, playerName: Bot 2, phase: trade}
[LOG] {TRACE: BOT_ACTION_PHASE, playerId: bot_1, phase: trade, statePhase: trade}
[LOG] Calling getBotDecision()
[LOG] {TRACE: GET_BOT_DECISION, playerId: bot_1, botType: BULL, phase: trade, strategyMode: RECOVERY}
[LOG] {TRACE: REBALANCE, playerId: bot_1, botType: BULL, currentPortfolio: Object, targetPortfolio: Object}
[LOG] {TRACE: UTILITY, action: end-turn, utility: 0, expectedValue: 0, probability: 1}
[LOG] {TRACE: AUDIT_THRESHOLD, year: 1, asset: cash, threshold: 20}
[LOG] {TRACE: AUDIT_THRESHOLD, year: 1, asset: bonds, threshold: 20}
[LOG] {TRACE: AUDIT_THRESHOLD, year: 1, asset: stocks, threshold: 20}
[LOG] {TRACE: ACTION_REJECTED, action: Object, reason: BELOW_THRESHOLD, utility: -9999, expectedValue: 0}
[LOG] {TRACE: UTILITY, action: create-trade, utility: 0.3, expectedValue: 0.3, probability: 0.3}
[LOG] {TRACE: UTILITY, action: create-trade, utility: 0.3, expectedValue: 0.3, probability: 0.3}
[LOG] {TRACE: UTILITY, action: rebalance, utility: 7, expectedValue: 5, probability: 1}
[LOG] {TRACE: CANDIDATES, playerId: bot_1, botType: BULL, strategyMode: RECOVERY, phase: trade}
[LOG] {TRACE: HUMANIZATION, candidateActions: Array(4), chosenAction: rebalance}
[LOG] Bot action {type: rebalance, payload: Object, debug: Object}
[LOG] Dispatching bot action rebalance
[LOG] {TRACE: BOT_EXECUTION_BEGIN, executionId: 1_5_rebalance_1783753425554, playerId: bot_1, turn: 5, phase: trade}
[LOG] {TRACE: BOT_STATE_DRIFT, computedState: Object, executedState: Object}
[LOG] {TRACE: BOT_PAYLOAD, action: rebalance, payload: Object}
[LOG] {TRACE: BOT_DISPATCH, playerId: bot_1, botType: BULL, phase: trade, turn: 5}
[LOG] BOT DISPATCH ERROR (suppressed alert): Bonds and Stocks adjustments must be in complete 5L blocks.
[LOG] {source: unknown, roomId: play-local, gameVersion: 0, turn: 5, currentPlayer: 1}
[LOG] {
  "timestamp": "2026-07-11T07:03:45.556Z",
  "event": "SET_GAME_STATE_CALL",
  "source": "unknown",
  "previousState": {
    "turn": 5,
    "phase": "trade"
  },
  "newState": {
    "turn": 5,
    "phase": "trade"
  }
}
[LOG] {
  "event": "STATE_HASH",
  "turn": 5,
  "year": 1,
  "hash": "6b21c7b3"
}
[LOG] {
  "event": "TURN_OWNER_STATE",
  "source": "unknown",
  "turn": 5,
  "year": 1,
  "phase": "trade",
  "currentPlayerIndex": 1,
  "currentPlayerId": "bot_1",
  "isMyTurn": true,
  "stateHash": "6b21c7b3"
}
[LOG] {
  "timestamp": "2026-07-11T07:03:45.556Z",
  "event": "STATE_TRANSITION",
  "source": "rebalance",
  "actionId": "local_rebalance_1783753425555",
  "roomStatus": "active",
  "playerCount": 2,
  "activePlayer": "Bot 2",
  "gamePhase": "trade",
  "currentTurnBeforeAction": {
    "currentPlayerIndex": 1,
    "currentPlayerId": "bot_1",
    "phase": "trade",
    "turn": 5,
    "year": 1
  },
  "currentTurnAfterAction": {
    "currentPlayerIndex": 1,
    "currentPlayerId": "bot_1",
    "phase": "trade",
    "turn": 5,
    "year": 1
  },
  "stateDiff": {}
}
[LOG] {TRACE: BOT_EXECUTION_END, executionId: 1_5_rebalance_1783753425554, success: true}
[LOG] Bot action completed, isBotProcessing set to false
[LOG] BOT TURN DETECTOR EFFECT TRIGGERED. Phase: trade PlayerIdx: 1
[LOG] BOT TURN START 1
[LOG] BOT DETECTED Bot 2
[LOG] {TRACE: BOT_PHASE, playerId: bot_1, phase: trade, turn: 5}
[LOG] {TRACE: BOT_TURN_START, turn: 5, playerId: bot_1, playerName: Bot 2, phase: trade}
[LOG] {TRACE: BOT_ACTION_PHASE, playerId: bot_1, phase: trade, statePhase: trade}
[LOG] Calling getBotDecision()
[LOG] {TRACE: GET_BOT_DECISION, playerId: bot_1, botType: BULL, phase: trade, strategyMode: RECOVERY}
[LOG] {TRACE: REBALANCE, playerId: bot_1, botType: BULL, currentPortfolio: Object, targetPortfolio: Object}
[LOG] {TRACE: UTILITY, action: end-turn, utility: 0, expectedValue: 0, probability: 1}
[LOG] {TRACE: AUDIT_THRESHOLD, year: 1, asset: cash, threshold: 20}
[LOG] {TRACE: AUDIT_THRESHOLD, year: 1, asset: bonds, threshold: 20}
[LOG] {TRACE: AUDIT_THRESHOLD, year: 1, asset: stocks, threshold: 20}
[LOG] {TRACE: ACTION_REJECTED, action: Object, reason: BELOW_THRESHOLD, utility: -9999, expectedValue: 0}
[LOG] {TRACE: UTILITY, action: create-trade, utility: 0.3, expectedValue: 0.3, probability: 0.3}
[LOG] {TRACE: UTILITY, action: create-trade, utility: 0.3, expectedValue: 0.3, probability: 0.3}
[LOG] {TRACE: UTILITY, action: rebalance, utility: 7, expectedValue: 5, probability: 1}
[LOG] {TRACE: CANDIDATES, playerId: bot_1, botType: BULL, strategyMode: RECOVERY, phase: trade}
[LOG] {TRACE: HUMANIZATION, candidateActions: Array(4), chosenAction: rebalance}
[LOG] Bot action {type: rebalance, payload: Object, debug: Object}
[LOG] Dispatching bot action rebalance
[LOG] {TRACE: BOT_EXECUTION_BEGIN, executionId: 1_5_rebalance_1783753426259, playerId: bot_1, turn: 5, phase: trade}
[LOG] {TRACE: BOT_STATE_DRIFT, computedState: Object, executedState: Object}
[LOG] {TRACE: BOT_PAYLOAD, action: rebalance, payload: Object}
[LOG] {TRACE: BOT_DISPATCH, playerId: bot_1, botType: BULL, phase: trade, turn: 5}
[LOG] BOT DISPATCH ERROR (suppressed alert): Bonds and Stocks adjustments must be in complete 5L blocks.
[LOG] {source: unknown, roomId: play-local, gameVersion: 0, turn: 5, currentPlayer: 1}
[LOG] {
  "timestamp": "2026-07-11T07:03:46.260Z",
  "event": "SET_GAME_STATE_CALL",
  "source": "unknown",
  "previousState": {
    "turn": 5,
    "phase": "trade"
  },
  "newState": {
    "turn": 5,
    "phase": "trade"
  }
}
[LOG] {
  "event": "STATE_HASH",
  "turn": 5,
  "year": 1,
  "hash": "6b21c7b3"
}
[LOG] {
  "event": "TURN_OWNER_STATE",
  "source": "unknown",
  "turn": 5,
  "year": 1,
  "phase": "trade",
  "currentPlayerIndex": 1,
  "currentPlayerId": "bot_1",
  "isMyTurn": true,
  "stateHash": "6b21c7b3"
}
[LOG] {
  "timestamp": "2026-07-11T07:03:46.261Z",
  "event": "STATE_TRANSITION",
  "source": "rebalance",
  "actionId": "local_rebalance_1783753426260",
  "roomStatus": "active",
  "playerCount": 2,
  "activePlayer": "Bot 2",
  "gamePhase": "trade",
  "currentTurnBeforeAction": {
    "currentPlayerIndex": 1,
    "currentPlayerId": "bot_1",
    "phase": "trade",
    "turn": 5,
    "year": 1
  },
  "currentTurnAfterAction": {
    "currentPlayerIndex": 1,
    "currentPlayerId": "bot_1",
    "phase": "trade",
    "turn": 5,
    "year": 1
  },
  "stateDiff": {}
}
[LOG] {TRACE: BOT_EXECUTION_END, executionId: 1_5_rebalance_1783753426259, success: true}
[LOG] Bot action completed, isBotProcessing set to false
[LOG] BOT TURN DETECTOR EFFECT TRIGGERED. Phase: trade PlayerIdx: 1
[LOG] BOT TURN START 1
[LOG] BOT DETECTED Bot 2
[LOG] {TRACE: BOT_PHASE, playerId: bot_1, phase: trade, turn: 5}
[LOG] {TRACE: BOT_TURN_START, turn: 5, playerId: bot_1, playerName: Bot 2, phase: trade}
[LOG] {TRACE: BOT_ACTION_PHASE, playerId: bot_1, phase: trade, statePhase: trade}
[LOG] Calling getBotDecision()
[LOG] {TRACE: GET_BOT_DECISION, playerId: bot_1, botType: BULL, phase: trade, strategyMode: RECOVERY}
[LOG] {TRACE: REBALANCE, playerId: bot_1, botType: BULL, currentPortfolio: Object, targetPortfolio: Object}
[LOG] {TRACE: UTILITY, action: end-turn, utility: 0, expectedValue: 0, probability: 1}
[LOG] {TRACE: AUDIT_THRESHOLD, year: 1, asset: cash, threshold: 20}
[LOG] {TRACE: AUDIT_THRESHOLD, year: 1, asset: bonds, threshold: 20}
[LOG] {TRACE: AUDIT_THRESHOLD, year: 1, asset: stocks, threshold: 20}
[LOG] {TRACE: ACTION_REJECTED, action: Object, reason: BELOW_THRESHOLD, utility: -9999, expectedValue: 0}
[LOG] {TRACE: UTILITY, action: create-trade, utility: 0.3, expectedValue: 0.3, probability: 0.3}
[LOG] {TRACE: UTILITY, action: create-trade, utility: 0.3, expectedValue: 0.3, probability: 0.3}
[LOG] {TRACE: UTILITY, action: rebalance, utility: 7, expectedValue: 5, probability: 1}
[LOG] {TRACE: CANDIDATES, playerId: bot_1, botType: BULL, strategyMode: RECOVERY, phase: trade}
[LOG] {TRACE: HUMANIZATION, candidateActions: Array(4), chosenAction: rebalance}
[LOG] Bot action {type: rebalance, payload: Object, debug: Object}
[LOG] Dispatching bot action rebalance
[LOG] {TRACE: BOT_EXECUTION_BEGIN, executionId: 1_5_rebalance_1783753426775, playerId: bot_1, turn: 5, phase: trade}
[LOG] {TRACE: BOT_STATE_DRIFT, computedState: Object, executedState: Object}
[LOG] {TRACE: BOT_PAYLOAD, action: rebalance, payload: Object}
[LOG] {TRACE: BOT_DISPATCH, playerId: bot_1, botType: BULL, phase: trade, turn: 5}
[LOG] BOT DISPATCH ERROR (suppressed alert): Bonds and Stocks adjustments must be in complete 5L blocks.
[LOG] {source: unknown, roomId: play-local, gameVersion: 0, turn: 5, currentPlayer: 1}
[LOG] {
  "timestamp": "2026-07-11T07:03:46.778Z",
  "event": "SET_GAME_STATE_CALL",
  "source": "unknown",
  "previousState": {
    "turn": 5,
    "phase": "trade"
  },
  "newState": {
    "turn": 5,
    "phase": "trade"
  }
}
[LOG] {
  "event": "STATE_HASH",
  "turn": 5,
  "year": 1,
  "hash": "6b21c7b3"
}
[LOG] {
  "event": "TURN_OWNER_STATE",
  "source": "unknown",
  "turn": 5,
  "year": 1,
  "phase": "trade",
  "currentPlayerIndex": 1,
  "currentPlayerId": "bot_1",
  "isMyTurn": true,
  "stateHash": "6b21c7b3"
}
[LOG] {
  "timestamp": "2026-07-11T07:03:46.779Z",
  "event": "STATE_TRANSITION",
  "source": "rebalance",
  "actionId": "local_rebalance_1783753426777",
  "roomStatus": "active",
  "playerCount": 2,
  "activePlayer": "Bot 2",
  "gamePhase": "trade",
  "currentTurnBeforeAction": {
    "currentPlayerIndex": 1,
    "currentPlayerId": "bot_1",
    "phase": "trade",
    "turn": 5,
    "year": 1
  },
  "currentTurnAfterAction": {
    "currentPlayerIndex": 1,
    "currentPlayerId": "bot_1",
    "phase": "trade",
    "turn": 5,
    "year": 1
  },
  "stateDiff": {}
}
[LOG] {TRACE: BOT_EXECUTION_END, executionId: 1_5_rebalance_1783753426775, success: true}
[LOG] Bot action completed, isBotProcessing set to false
[LOG] BOT TURN DETECTOR EFFECT TRIGGERED. Phase: trade PlayerIdx: 1
[LOG] BOT TURN START 1
[LOG] BOT DETECTED Bot 2
[LOG] {TRACE: BOT_PHASE, playerId: bot_1, phase: trade, turn: 5}
[LOG] {TRACE: BOT_TURN_START, turn: 5, playerId: bot_1, playerName: Bot 2, phase: trade}
[LOG] {TRACE: BOT_ACTION_PHASE, playerId: bot_1, phase: trade, statePhase: trade}
[LOG] Calling getBotDecision()
[LOG] {TRACE: GET_BOT_DECISION, playerId: bot_1, botType: BULL, phase: trade, strategyMode: RECOVERY}
[LOG] {TRACE: REBALANCE, playerId: bot_1, botType: BULL, currentPortfolio: Object, targetPortfolio: Object}
[LOG] {TRACE: UTILITY, action: end-turn, utility: 0, expectedValue: 0, probability: 1}
[LOG] {TRACE: AUDIT_THRESHOLD, year: 1, asset: cash, threshold: 20}
[LOG] {TRACE: AUDIT_THRESHOLD, year: 1, asset: bonds, threshold: 20}
[LOG] {TRACE: AUDIT_THRESHOLD, year: 1, asset: stocks, threshold: 20}
[LOG] {TRACE: ACTION_REJECTED, action: Object, reason: BELOW_THRESHOLD, utility: -9999, expectedValue: 0}
[LOG] {TRACE: UTILITY, action: create-trade, utility: 0.3, expectedValue: 0.3, probability: 0.3}
[LOG] {TRACE: UTILITY, action: create-trade, utility: 0.3, expectedValue: 0.3, probability: 0.3}
[LOG] {TRACE: UTILITY, action: rebalance, utility: 7, expectedValue: 5, probability: 1}
[LOG] {TRACE: CANDIDATES, playerId: bot_1, botType: BULL, strategyMode: RECOVERY, phase: trade}
[LOG] {TRACE: HUMANIZATION, candidateActions: Array(4), chosenAction: rebalance}
[LOG] Bot action {type: rebalance, payload: Object, debug: Object}
[LOG] Dispatching bot action rebalance
[LOG] {TRACE: BOT_EXECUTION_BEGIN, executionId: 1_5_rebalance_1783753427135, playerId: bot_1, turn: 5, phase: trade}
[LOG] {TRACE: BOT_STATE_DRIFT, computedState: Object, executedState: Object}
[LOG] {TRACE: BOT_PAYLOAD, action: rebalance, payload: Object}
[LOG] {TRACE: BOT_DISPATCH, playerId: bot_1, botType: BULL, phase: trade, turn: 5}
[LOG] BOT DISPATCH ERROR (suppressed alert): Bonds and Stocks adjustments must be in complete 5L blocks.
[LOG] {source: unknown, roomId: play-local, gameVersion: 0, turn: 5, currentPlayer: 1}
[LOG] {
  "timestamp": "2026-07-11T07:03:47.137Z",
  "event": "SET_GAME_STATE_CALL",
  "source": "unknown",
  "previousState": {
    "turn": 5,
    "phase": "trade"
  },
  "newState": {
    "turn": 5,
    "phase": "trade"
  }
}
[LOG] {
  "event": "STATE_HASH",
  "turn": 5,
  "year": 1,
  "hash": "6b21c7b3"
}
[LOG] {
  "event": "TURN_OWNER_STATE",
  "source": "unknown",
  "turn": 5,
  "year": 1,
  "phase": "trade",
  "currentPlayerIndex": 1,
  "currentPlayerId": "bot_1",
  "isMyTurn": true,
  "stateHash": "6b21c7b3"
}
[LOG] {
  "timestamp": "2026-07-11T07:03:47.137Z",
  "event": "STATE_TRANSITION",
  "source": "rebalance",
  "actionId": "local_rebalance_1783753427136",
  "roomStatus": "active",
  "playerCount": 2,
  "activePlayer": "Bot 2",
  "gamePhase": "trade",
  "currentTurnBeforeAction": {
    "currentPlayerIndex": 1,
    "currentPlayerId": "bot_1",
    "phase": "trade",
    "turn": 5,
    "year": 1
  },
  "currentTurnAfterAction": {
    "currentPlayerIndex": 1,
    "currentPlayerId": "bot_1",
    "phase": "trade",
    "turn": 5,
    "year": 1
  },
  "stateDiff": {}
}
[LOG] {TRACE: BOT_EXECUTION_END, executionId: 1_5_rebalance_1783753427135, success: true}
[LOG] Bot action completed, isBotProcessing set to false
[LOG] BOT TURN DETECTOR EFFECT TRIGGERED. Phase: trade PlayerIdx: 1
[LOG] BOT TURN START 1
[LOG] BOT DETECTED Bot 2
[LOG] {TRACE: BOT_PHASE, playerId: bot_1, phase: trade, turn: 5}
[LOG] {TRACE: BOT_TURN_START, turn: 5, playerId: bot_1, playerName: Bot 2, phase: trade}
[LOG] {TRACE: BOT_ACTION_PHASE, playerId: bot_1, phase: trade, statePhase: trade}
[LOG] Calling getBotDecision()
[LOG] {TRACE: GET_BOT_DECISION, playerId: bot_1, botType: BULL, phase: trade, strategyMode: RECOVERY}
[LOG] {TRACE: REBALANCE, playerId: bot_1, botType: BULL, currentPortfolio: Object, targetPortfolio: Object}
[LOG] {TRACE: UTILITY, action: end-turn, utility: 0, expectedValue: 0, probability: 1}
[LOG] {TRACE: AUDIT_THRESHOLD, year: 1, asset: cash, threshold: 20}
[LOG] {TRACE: AUDIT_THRESHOLD, year: 1, asset: bonds, threshold: 20}
[LOG] {TRACE: AUDIT_THRESHOLD, year: 1, asset: stocks, threshold: 20}
[LOG] {TRACE: ACTION_REJECTED, action: Object, reason: BELOW_THRESHOLD, utility: -9999, expectedValue: 0}
[LOG] {TRACE: UTILITY, action: create-trade, utility: 0.3, expectedValue: 0.3, probability: 0.3}
[LOG] {TRACE: UTILITY, action: create-trade, utility: 0.3, expectedValue: 0.3, probability: 0.3}
[LOG] {TRACE: UTILITY, action: rebalance, utility: 7, expectedValue: 5, probability: 1}
[LOG] {TRACE: CANDIDATES, playerId: bot_1, botType: BULL, strategyMode: RECOVERY, phase: trade}
[LOG] {TRACE: HUMAN_MISTAKE, playerId: bot_1, bestAction: Object, selectedAction: Object, utilityGap: 4.971679827994376}
[LOG] {TRACE: HUMANIZATION, candidateActions: Array(4), chosenAction: rebalance}
[LOG] Bot action {type: rebalance, payload: Object, debug: Object}
[LOG] Dispatching bot action rebalance
[LOG] {TRACE: BOT_EXECUTION_BEGIN, executionId: 1_5_rebalance_1783753427564, playerId: bot_1, turn: 5, phase: trade}
[LOG] {TRACE: BOT_STATE_DRIFT, computedState: Object, executedState: Object}
[LOG] {TRACE: BOT_PAYLOAD, action: rebalance, payload: Object}
[LOG] {TRACE: BOT_DISPATCH, playerId: bot_1, botType: BULL, phase: trade, turn: 5}
[LOG] BOT DISPATCH ERROR (suppressed alert): Bonds and Stocks adjustments must be in complete 5L blocks.
[LOG] {source: unknown, roomId: play-local, gameVersion: 0, turn: 5, currentPlayer: 1}
[LOG] {
  "timestamp": "2026-07-11T07:03:47.565Z",
  "event": "SET_GAME_STATE_CALL",
  "source": "unknown",
  "previousState": {
    "turn": 5,
    "phase": "trade"
  },
  "newState": {
    "turn": 5,
    "phase": "trade"
  }
}
[LOG] {
  "event": "STATE_HASH",
  "turn": 5,
  "year": 1,
  "hash": "6b21c7b3"
}
[LOG] {
  "event": "TURN_OWNER_STATE",
  "source": "unknown",
  "turn": 5,
  "year": 1,
  "phase": "trade",
  "currentPlayerIndex": 1,
  "currentPlayerId": "bot_1",
  "isMyTurn": true,
  "stateHash": "6b21c7b3"
}
[LOG] {
  "timestamp": "2026-07-11T07:03:47.566Z",
  "event": "STATE_TRANSITION",
  "source": "rebalance",
  "actionId": "local_rebalance_1783753427564",
  "roomStatus": "active",
  "playerCount": 2,
  "activePlayer": "Bot 2",
  "gamePhase": "trade",
  "currentTurnBeforeAction": {
    "currentPlayerIndex": 1,
    "currentPlayerId": "bot_1",
    "phase": "trade",
    "turn": 5,
    "year": 1
  },
  "currentTurnAfterAction": {
    "currentPlayerIndex": 1,
    "currentPlayerId": "bot_1",
    "phase": "trade",
    "turn": 5,
    "year": 1
  },
  "stateDiff": {}
}
[LOG] {TRACE: BOT_EXECUTION_END, executionId: 1_5_rebalance_1783753427564, success: true}
[LOG] Bot action completed, isBotProcessing set to false
[LOG] BOT TURN DETECTOR EFFECT TRIGGERED. Phase: trade PlayerIdx: 1
[LOG] BOT TURN START 1
[LOG] BOT DETECTED Bot 2
[LOG] {TRACE: BOT_PHASE, playerId: bot_1, phase: trade, turn: 5}
[LOG] {TRACE: BOT_TURN_START, turn: 5, playerId: bot_1, playerName: Bot 2, phase: trade}
[LOG] {TRACE: BOT_ACTION_PHASE, playerId: bot_1, phase: trade, statePhase: trade}
[LOG] Calling getBotDecision()
[LOG] {TRACE: GET_BOT_DECISION, playerId: bot_1, botType: BULL, phase: trade, strategyMode: RECOVERY}
[LOG] {TRACE: REBALANCE, playerId: bot_1, botType: BULL, currentPortfolio: Object, targetPortfolio: Object}
[LOG] {TRACE: UTILITY, action: end-turn, utility: 0, expectedValue: 0, probability: 1}
[LOG] {TRACE: AUDIT_THRESHOLD, year: 1, asset: cash, threshold: 20}
[LOG] {TRACE: AUDIT_THRESHOLD, year: 1, asset: bonds, threshold: 20}
[LOG] {TRACE: AUDIT_THRESHOLD, year: 1, asset: stocks, threshold: 20}
[LOG] {TRACE: ACTION_REJECTED, action: Object, reason: BELOW_THRESHOLD, utility: -9999, expectedValue: 0}
[LOG] {TRACE: UTILITY, action: create-trade, utility: 0.3, expectedValue: 0.3, probability: 0.3}
[LOG] {TRACE: UTILITY, action: create-trade, utility: 0.3, expectedValue: 0.3, probability: 0.3}
[LOG] {TRACE: UTILITY, action: rebalance, utility: 7, expectedValue: 5, probability: 1}
[LOG] {TRACE: CANDIDATES, playerId: bot_1, botType: BULL, strategyMode: RECOVERY, phase: trade}
[LOG] {TRACE: HUMANIZATION, candidateActions: Array(4), chosenAction: rebalance}
[LOG] Bot action {type: rebalance, payload: Object, debug: Object}
[LOG] Dispatching bot action rebalance
[LOG] {TRACE: BOT_EXECUTION_BEGIN, executionId: 1_5_rebalance_1783753428300, playerId: bot_1, turn: 5, phase: trade}
[LOG] {TRACE: BOT_STATE_DRIFT, computedState: Object, executedState: Object}
[LOG] {TRACE: BOT_PAYLOAD, action: rebalance, payload: Object}
[LOG] {TRACE: BOT_DISPATCH, playerId: bot_1, botType: BULL, phase: trade, turn: 5}
[LOG] BOT DISPATCH ERROR (suppressed alert): Bonds and Stocks adjustments must be in complete 5L blocks.
[LOG] {source: unknown, roomId: play-local, gameVersion: 0, turn: 5, currentPlayer: 1}
[LOG] {
  "timestamp": "2026-07-11T07:03:48.301Z",
  "event": "SET_GAME_STATE_CALL",
  "source": "unknown",
  "previousState": {
    "turn": 5,
    "phase": "trade"
  },
  "newState": {
    "turn": 5,
    "phase": "trade"
  }
}
[LOG] {
  "event": "STATE_HASH",
  "turn": 5,
  "year": 1,
  "hash": "6b21c7b3"
}
[LOG] {
  "event": "TURN_OWNER_STATE",
  "source": "unknown",
  "turn": 5,
  "year": 1,
  "phase": "trade",
  "currentPlayerIndex": 1,
  "currentPlayerId": "bot_1",
  "isMyTurn": true,
  "stateHash": "6b21c7b3"
}
[LOG] {
  "timestamp": "2026-07-11T07:03:48.301Z",
  "event": "STATE_TRANSITION",
  "source": "rebalance",
  "actionId": "local_rebalance_1783753428300",
  "roomStatus": "active",
  "playerCount": 2,
  "activePlayer": "Bot 2",
  "gamePhase": "trade",
  "currentTurnBeforeAction": {
    "currentPlayerIndex": 1,
    "currentPlayerId": "bot_1",
    "phase": "trade",
    "turn": 5,
    "year": 1
  },
  "currentTurnAfterAction": {
    "currentPlayerIndex": 1,
    "currentPlayerId": "bot_1",
    "phase": "trade",
    "turn": 5,
    "year": 1
  },
  "stateDiff": {}
}
[LOG] {TRACE: BOT_EXECUTION_END, executionId: 1_5_rebalance_1783753428300, success: true}
[LOG] Bot action completed, isBotProcessing set to false
[LOG] BOT TURN DETECTOR EFFECT TRIGGERED. Phase: trade PlayerIdx: 1
[LOG] BOT TURN START 1
[LOG] BOT DETECTED Bot 2
[LOG] {TRACE: BOT_PHASE, playerId: bot_1, phase: trade, turn: 5}
[LOG] {TRACE: BOT_TURN_START, turn: 5, playerId: bot_1, playerName: Bot 2, phase: trade}
[LOG] {TRACE: BOT_ACTION_PHASE, playerId: bot_1, phase: trade, statePhase: trade}
[LOG] Calling getBotDecision()
[LOG] {TRACE: GET_BOT_DECISION, playerId: bot_1, botType: BULL, phase: trade, strategyMode: RECOVERY}
[LOG] {TRACE: REBALANCE, playerId: bot_1, botType: BULL, currentPortfolio: Object, targetPortfolio: Object}
[LOG] {TRACE: UTILITY, action: end-turn, utility: 0, expectedValue: 0, probability: 1}
[LOG] {TRACE: AUDIT_THRESHOLD, year: 1, asset: cash, threshold: 20}
[LOG] {TRACE: AUDIT_THRESHOLD, year: 1, asset: bonds, threshold: 20}
[LOG] {TRACE: AUDIT_THRESHOLD, year: 1, asset: stocks, threshold: 20}
[LOG] {TRACE: ACTION_REJECTED, action: Object, reason: BELOW_THRESHOLD, utility: -9999, expectedValue: 0}
[LOG] {TRACE: UTILITY, action: create-trade, utility: 0.3, expectedValue: 0.3, probability: 0.3}
[LOG] {TRACE: UTILITY, action: create-trade, utility: 0.3, expectedValue: 0.3, probability: 0.3}
[LOG] {TRACE: UTILITY, action: rebalance, utility: 7, expectedValue: 5, probability: 1}
[LOG] {TRACE: CANDIDATES, playerId: bot_1, botType: BULL, strategyMode: RECOVERY, phase: trade}
[LOG] {TRACE: HUMANIZATION, candidateActions: Array(4), chosenAction: rebalance}
[LOG] Bot action {type: rebalance, payload: Object, debug: Object}
[LOG] Dispatching bot action rebalance
[LOG] {TRACE: BOT_EXECUTION_BEGIN, executionId: 1_5_rebalance_1783753428646, playerId: bot_1, turn: 5, phase: trade}
[LOG] {TRACE: BOT_STATE_DRIFT, computedState: Object, executedState: Object}
[LOG] {TRACE: BOT_PAYLOAD, action: rebalance, payload: Object}
[LOG] {TRACE: BOT_DISPATCH, playerId: bot_1, botType: BULL, phase: trade, turn: 5}
[LOG] BOT DISPATCH ERROR (suppressed alert): Bonds and Stocks adjustments must be in complete 5L blocks.
[LOG] {source: unknown, roomId: play-local, gameVersion: 0, turn: 5, currentPlayer: 1}
[LOG] {
  "timestamp": "2026-07-11T07:03:48.648Z",
  "event": "SET_GAME_STATE_CALL",
  "source": "unknown",
  "previousState": {
    "turn": 5,
    "phase": "trade"
  },
  "newState": {
    "turn": 5,
    "phase": "trade"
  }
}
[LOG] {
  "event": "STATE_HASH",
  "turn": 5,
  "year": 1,
  "hash": "6b21c7b3"
}
[LOG] {
  "event": "TURN_OWNER_STATE",
  "source": "unknown",
  "turn": 5,
  "year": 1,
  "phase": "trade",
  "currentPlayerIndex": 1,
  "currentPlayerId": "bot_1",
  "isMyTurn": true,
  "stateHash": "6b21c7b3"
}
[LOG] {
  "timestamp": "2026-07-11T07:03:48.649Z",
  "event": "STATE_TRANSITION",
  "source": "rebalance",
  "actionId": "local_rebalance_1783753428647",
  "roomStatus": "active",
  "playerCount": 2,
  "activePlayer": "Bot 2",
  "gamePhase": "trade",
  "currentTurnBeforeAction": {
    "currentPlayerIndex": 1,
    "currentPlayerId": "bot_1",
    "phase": "trade",
    "turn": 5,
    "year": 1
  },
  "currentTurnAfterAction": {
    "currentPlayerIndex": 1,
    "currentPlayerId": "bot_1",
    "phase": "trade",
    "turn": 5,
    "year": 1
  },
  "stateDiff": {}
}
[LOG] {TRACE: BOT_EXECUTION_END, executionId: 1_5_rebalance_1783753428646, success: true}
[LOG] Bot action completed, isBotProcessing set to false
[LOG] BOT TURN DETECTOR EFFECT TRIGGERED. Phase: trade PlayerIdx: 1
[LOG] BOT TURN START 1
[LOG] BOT DETECTED Bot 2
[LOG] {TRACE: BOT_PHASE, playerId: bot_1, phase: trade, turn: 5}
[LOG] {TRACE: BOT_TURN_START, turn: 5, playerId: bot_1, playerName: Bot 2, phase: trade}
[LOG] {TRACE: BOT_ACTION_PHASE, playerId: bot_1, phase: trade, statePhase: trade}
[LOG] Calling getBotDecision()
[LOG] {TRACE: GET_BOT_DECISION, playerId: bot_1, botType: BULL, phase: trade, strategyMode: RECOVERY}
[LOG] {TRACE: REBALANCE, playerId: bot_1, botType: BULL, currentPortfolio: Object, targetPortfolio: Object}
[LOG] {TRACE: UTILITY, action: end-turn, utility: 0, expectedValue: 0, probability: 1}
[LOG] {TRACE: AUDIT_THRESHOLD, year: 1, asset: cash, threshold: 20}
[LOG] {TRACE: AUDIT_THRESHOLD, year: 1, asset: bonds, threshold: 20}
[LOG] {TRACE: AUDIT_THRESHOLD, year: 1, asset: stocks, threshold: 20}
[LOG] {TRACE: ACTION_REJECTED, action: Object, reason: BELOW_THRESHOLD, utility: -9999, expectedValue: 0}
[LOG] {TRACE: UTILITY, action: create-trade, utility: 0.3, expectedValue: 0.3, probability: 0.3}
[LOG] {TRACE: UTILITY, action: create-trade, utility: 0.3, expectedValue: 0.3, probability: 0.3}
[LOG] {TRACE: UTILITY, action: rebalance, utility: 7, expectedValue: 5, probability: 1}
[LOG] {TRACE: CANDIDATES, playerId: bot_1, botType: BULL, strategyMode: RECOVERY, phase: trade}
[LOG] {TRACE: HUMANIZATION, candidateActions: Array(4), chosenAction: rebalance}
[LOG] Bot action {type: rebalance, payload: Object, debug: Object}
[LOG] Dispatching bot action rebalance
[LOG] {TRACE: BOT_EXECUTION_BEGIN, executionId: 1_5_rebalance_1783753429066, playerId: bot_1, turn: 5, phase: trade}
[LOG] {TRACE: BOT_STATE_DRIFT, computedState: Object, executedState: Object}
[LOG] {TRACE: BOT_PAYLOAD, action: rebalance, payload: Object}
[LOG] {TRACE: BOT_DISPATCH, playerId: bot_1, botType: BULL, phase: trade, turn: 5}
[LOG] BOT DISPATCH ERROR (suppressed alert): Bonds and Stocks adjustments must be in complete 5L blocks.
[LOG] {source: unknown, roomId: play-local, gameVersion: 0, turn: 5, currentPlayer: 1}
[LOG] {
  "timestamp": "2026-07-11T07:03:49.068Z",
  "event": "SET_GAME_STATE_CALL",
  "source": "unknown",
  "previousState": {
    "turn": 5,
    "phase": "trade"
  },
  "newState": {
    "turn": 5,
    "phase": "trade"
  }
}
[LOG] {
  "event": "STATE_HASH",
  "turn": 5,
  "year": 1,
  "hash": "6b21c7b3"
}
[LOG] {
  "event": "TURN_OWNER_STATE",
  "source": "unknown",
  "turn": 5,
  "year": 1,
  "phase": "trade",
  "currentPlayerIndex": 1,
  "currentPlayerId": "bot_1",
  "isMyTurn": true,
  "stateHash": "6b21c7b3"
}
[LOG] {
  "timestamp": "2026-07-11T07:03:49.068Z",
  "event": "STATE_TRANSITION",
  "source": "rebalance",
  "actionId": "local_rebalance_1783753429067",
  "roomStatus": "active",
  "playerCount": 2,
  "activePlayer": "Bot 2",
  "gamePhase": "trade",
  "currentTurnBeforeAction": {
    "currentPlayerIndex": 1,
    "currentPlayerId": "bot_1",
    "phase": "trade",
    "turn": 5,
    "year": 1
  },
  "currentTurnAfterAction": {
    "currentPlayerIndex": 1,
    "currentPlayerId": "bot_1",
    "phase": "trade",
    "turn": 5,
    "year": 1
  },
  "stateDiff": {}
}
[LOG] {TRACE: BOT_EXECUTION_END, executionId: 1_5_rebalance_1783753429066, success: true}
[LOG] Bot action completed, isBotProcessing set to false
[LOG] BOT TURN DETECTOR EFFECT TRIGGERED. Phase: trade PlayerIdx: 1
[LOG] BOT TURN START 1
[LOG] BOT DETECTED Bot 2
[LOG] {TRACE: BOT_PHASE, playerId: bot_1, phase: trade, turn: 5}
[LOG] {TRACE: BOT_TURN_START, turn: 5, playerId: bot_1, playerName: Bot 2, phase: trade}
[LOG] {TRACE: BOT_ACTION_PHASE, playerId: bot_1, phase: trade, statePhase: trade}
[LOG] Calling getBotDecision()
[LOG] {TRACE: GET_BOT_DECISION, playerId: bot_1, botType: BULL, phase: trade, strategyMode: RECOVERY}
[LOG] {TRACE: REBALANCE, playerId: bot_1, botType: BULL, currentPortfolio: Object, targetPortfolio: Object}
[LOG] {TRACE: UTILITY, action: end-turn, utility: 0, expectedValue: 0, probability: 1}
[LOG] {TRACE: AUDIT_THRESHOLD, year: 1, asset: cash, threshold: 20}
[LOG] {TRACE: AUDIT_THRESHOLD, year: 1, asset: bonds, threshold: 20}
[LOG] {TRACE: AUDIT_THRESHOLD, year: 1, asset: stocks, threshold: 20}
[LOG] {TRACE: ACTION_REJECTED, action: Object, reason: BELOW_THRESHOLD, utility: -9999, expectedValue: 0}
[LOG] {TRACE: UTILITY, action: create-trade, utility: 0.3, expectedValue: 0.3, probability: 0.3}
[LOG] {TRACE: UTILITY, action: create-trade, utility: 0.3, expectedValue: 0.3, probability: 0.3}
[LOG] {TRACE: UTILITY, action: rebalance, utility: 7, expectedValue: 5, probability: 1}
[LOG] {TRACE: CANDIDATES, playerId: bot_1, botType: BULL, strategyMode: RECOVERY, phase: trade}
[LOG] {TRACE: HUMANIZATION, candidateActions: Array(4), chosenAction: rebalance}
[LOG] Bot action {type: rebalance, payload: Object, debug: Object}
[LOG] Dispatching bot action rebalance
[LOG] {TRACE: BOT_EXECUTION_BEGIN, executionId: 1_5_rebalance_1783753429722, playerId: bot_1, turn: 5, phase: trade}
[LOG] {TRACE: BOT_STATE_DRIFT, computedState: Object, executedState: Object}
[LOG] {TRACE: BOT_PAYLOAD, action: rebalance, payload: Object}
[LOG] {TRACE: BOT_DISPATCH, playerId: bot_1, botType: BULL, phase: trade, turn: 5}
[LOG] BOT DISPATCH ERROR (suppressed alert): Bonds and Stocks adjustments must be in complete 5L blocks.
[LOG] {source: unknown, roomId: play-local, gameVersion: 0, turn: 5, currentPlayer: 1}
[LOG] {
  "timestamp": "2026-07-11T07:03:49.724Z",
  "event": "SET_GAME_STATE_CALL",
  "source": "unknown",
  "previousState": {
    "turn": 5,
    "phase": "trade"
  },
  "newState": {
    "turn": 5,
    "phase": "trade"
  }
}
[LOG] {
  "event": "STATE_HASH",
  "turn": 5,
  "year": 1,
  "hash": "6b21c7b3"
}
[LOG] {
  "event": "TURN_OWNER_STATE",
  "source": "unknown",
  "turn": 5,
  "year": 1,
  "phase": "trade",
  "currentPlayerIndex": 1,
  "currentPlayerId": "bot_1",
  "isMyTurn": true,
  "stateHash": "6b21c7b3"
}
[LOG] {
  "timestamp": "2026-07-11T07:03:49.724Z",
  "event": "STATE_TRANSITION",
  "source": "rebalance",
  "actionId": "local_rebalance_1783753429723",
  "roomStatus": "active",
  "playerCount": 2,
  "activePlayer": "Bot 2",
  "gamePhase": "trade",
  "currentTurnBeforeAction": {
    "currentPlayerIndex": 1,
    "currentPlayerId": "bot_1",
    "phase": "trade",
    "turn": 5,
    "year": 1
  },
  "currentTurnAfterAction": {
    "currentPlayerIndex": 1,
    "currentPlayerId": "bot_1",
    "phase": "trade",
    "turn": 5,
    "year": 1
  },
  "stateDiff": {}
}
[LOG] {TRACE: BOT_EXECUTION_END, executionId: 1_5_rebalance_1783753429722, success: true}
[LOG] Bot action completed, isBotProcessing set to false
[LOG] BOT TURN DETECTOR EFFECT TRIGGERED. Phase: trade PlayerIdx: 1
[LOG] BOT TURN START 1
[LOG] BOT DETECTED Bot 2
[LOG] {TRACE: BOT_PHASE, playerId: bot_1, phase: trade, turn: 5}
[LOG] {TRACE: BOT_TURN_START, turn: 5, playerId: bot_1, playerName: Bot 2, phase: trade}
[LOG] {TRACE: BOT_ACTION_PHASE, playerId: bot_1, phase: trade, statePhase: trade}
[LOG] Calling getBotDecision()
[LOG] {TRACE: GET_BOT_DECISION, playerId: bot_1, botType: BULL, phase: trade, strategyMode: RECOVERY}
[LOG] {TRACE: REBALANCE, playerId: bot_1, botType: BULL, currentPortfolio: Object, targetPortfolio: Object}
[LOG] {TRACE: UTILITY, action: end-turn, utility: 0, expectedValue: 0, probability: 1}
[LOG] {TRACE: AUDIT_THRESHOLD, year: 1, asset: cash, threshold: 20}
[LOG] {TRACE: AUDIT_THRESHOLD, year: 1, asset: bonds, threshold: 20}
[LOG] {TRACE: AUDIT_THRESHOLD, year: 1, asset: stocks, threshold: 20}
[LOG] {TRACE: ACTION_REJECTED, action: Object, reason: BELOW_THRESHOLD, utility: -9999, expectedValue: 0}
[LOG] {TRACE: UTILITY, action: create-trade, utility: 0.3, expectedValue: 0.3, probability: 0.3}
[LOG] {TRACE: UTILITY, action: create-trade, utility: 0.3, expectedValue: 0.3, probability: 0.3}
[LOG] {TRACE: UTILITY, action: rebalance, utility: 7, expectedValue: 5, probability: 1}
[LOG] {TRACE: CANDIDATES, playerId: bot_1, botType: BULL, strategyMode: RECOVERY, phase: trade}
[LOG] {TRACE: HUMANIZATION, candidateActions: Array(4), chosenAction: rebalance}
[LOG] Bot action {type: rebalance, payload: Object, debug: Object}
[LOG] Dispatching bot action rebalance
[LOG] {TRACE: BOT_EXECUTION_BEGIN, executionId: 1_5_rebalance_1783753430296, playerId: bot_1, turn: 5, phase: trade}
[LOG] {TRACE: BOT_STATE_DRIFT, computedState: Object, executedState: Object}
[LOG] {TRACE: BOT_PAYLOAD, action: rebalance, payload: Object}
[LOG] {TRACE: BOT_DISPATCH, playerId: bot_1, botType: BULL, phase: trade, turn: 5}
[LOG] BOT DISPATCH ERROR (suppressed alert): Bonds and Stocks adjustments must be in complete 5L blocks.
[LOG] {source: unknown, roomId: play-local, gameVersion: 0, turn: 5, currentPlayer: 1}
[LOG] {
  "timestamp": "2026-07-11T07:03:50.297Z",
  "event": "SET_GAME_STATE_CALL",
  "source": "unknown",
  "previousState": {
    "turn": 5,
    "phase": "trade"
  },
  "newState": {
    "turn": 5,
    "phase": "trade"
  }
}
[LOG] {
  "event": "STATE_HASH",
  "turn": 5,
  "year": 1,
  "hash": "6b21c7b3"
}
[LOG] {
  "event": "TURN_OWNER_STATE",
  "source": "unknown",
  "turn": 5,
  "year": 1,
  "phase": "trade",
  "currentPlayerIndex": 1,
  "currentPlayerId": "bot_1",
  "isMyTurn": true,
  "stateHash": "6b21c7b3"
}
[LOG] {
  "timestamp": "2026-07-11T07:03:50.298Z",
  "event": "STATE_TRANSITION",
  "source": "rebalance",
  "actionId": "local_rebalance_1783753430296",
  "roomStatus": "active",
  "playerCount": 2,
  "activePlayer": "Bot 2",
  "gamePhase": "trade",
  "currentTurnBeforeAction": {
    "currentPlayerIndex": 1,
    "currentPlayerId": "bot_1",
    "phase": "trade",
    "turn": 5,
    "year": 1
  },
  "currentTurnAfterAction": {
    "currentPlayerIndex": 1,
    "currentPlayerId": "bot_1",
    "phase": "trade",
    "turn": 5,
    "year": 1
  },
  "stateDiff": {}
}
[LOG] {TRACE: BOT_EXECUTION_END, executionId: 1_5_rebalance_1783753430296, success: true}
[LOG] Bot action completed, isBotProcessing set to false
[LOG] BOT TURN DETECTOR EFFECT TRIGGERED. Phase: trade PlayerIdx: 1
[LOG] BOT TURN START 1
[LOG] BOT DETECTED Bot 2
[LOG] {TRACE: BOT_PHASE, playerId: bot_1, phase: trade, turn: 5}
[LOG] {TRACE: BOT_TURN_START, turn: 5, playerId: bot_1, playerName: Bot 2, phase: trade}
[LOG] {TRACE: BOT_ACTION_PHASE, playerId: bot_1, phase: trade, statePhase: trade}
[LOG] Calling getBotDecision()
[LOG] {TRACE: GET_BOT_DECISION, playerId: bot_1, botType: BULL, phase: trade, strategyMode: RECOVERY}
[LOG] {TRACE: REBALANCE, playerId: bot_1, botType: BULL, currentPortfolio: Object, targetPortfolio: Object}
[LOG] {TRACE: UTILITY, action: end-turn, utility: 0, expectedValue: 0, probability: 1}
[LOG] {TRACE: AUDIT_THRESHOLD, year: 1, asset: cash, threshold: 20}
[LOG] {TRACE: AUDIT_THRESHOLD, year: 1, asset: bonds, threshold: 20}
[LOG] {TRACE: AUDIT_THRESHOLD, year: 1, asset: stocks, threshold: 20}
[LOG] {TRACE: ACTION_REJECTED, action: Object, reason: BELOW_THRESHOLD, utility: -9999, expectedValue: 0}
[LOG] {TRACE: UTILITY, action: create-trade, utility: 0.3, expectedValue: 0.3, probability: 0.3}
[LOG] {TRACE: UTILITY, action: create-trade, utility: 0.3, expectedValue: 0.3, probability: 0.3}
[LOG] {TRACE: UTILITY, action: rebalance, utility: 7, expectedValue: 5, probability: 1}
[LOG] {TRACE: CANDIDATES, playerId: bot_1, botType: BULL, strategyMode: RECOVERY, phase: trade}
[LOG] {TRACE: HUMANIZATION, candidateActions: Array(4), chosenAction: rebalance}
[LOG] Bot action {type: rebalance, payload: Object, debug: Object}
[LOG] Dispatching bot action rebalance
[LOG] {TRACE: BOT_EXECUTION_BEGIN, executionId: 1_5_rebalance_1783753430988, playerId: bot_1, turn: 5, phase: trade}
[LOG] {TRACE: BOT_STATE_DRIFT, computedState: Object, executedState: Object}
[LOG] {TRACE: BOT_PAYLOAD, action: rebalance, payload: Object}
[LOG] {TRACE: BOT_DISPATCH, playerId: bot_1, botType: BULL, phase: trade, turn: 5}
[LOG] BOT DISPATCH ERROR (suppressed alert): Bonds and Stocks adjustments must be in complete 5L blocks.
[LOG] {source: unknown, roomId: play-local, gameVersion: 0, turn: 5, currentPlayer: 1}
[LOG] {
  "timestamp": "2026-07-11T07:03:50.989Z",
  "event": "SET_GAME_STATE_CALL",
  "source": "unknown",
  "previousState": {
    "turn": 5,
    "phase": "trade"
  },
  "newState": {
    "turn": 5,
    "phase": "trade"
  }
}
[LOG] {
  "event": "STATE_HASH",
  "turn": 5,
  "year": 1,
  "hash": "6b21c7b3"
}
[LOG] {
  "event": "TURN_OWNER_STATE",
  "source": "unknown",
  "turn": 5,
  "year": 1,
  "phase": "trade",
  "currentPlayerIndex": 1,
  "currentPlayerId": "bot_1",
  "isMyTurn": true,
  "stateHash": "6b21c7b3"
}
[LOG] {
  "timestamp": "2026-07-11T07:03:50.990Z",
  "event": "STATE_TRANSITION",
  "source": "rebalance",
  "actionId": "local_rebalance_1783753430989",
  "roomStatus": "active",
  "playerCount": 2,
  "activePlayer": "Bot 2",
  "gamePhase": "trade",
  "currentTurnBeforeAction": {
    "currentPlayerIndex": 1,
    "currentPlayerId": "bot_1",
    "phase": "trade",
    "turn": 5,
    "year": 1
  },
  "currentTurnAfterAction": {
    "currentPlayerIndex": 1,
    "currentPlayerId": "bot_1",
    "phase": "trade",
    "turn": 5,
    "year": 1
  },
  "stateDiff": {}
}
[LOG] {TRACE: BOT_EXECUTION_END, executionId: 1_5_rebalance_1783753430988, success: true}
[LOG] Bot action completed, isBotProcessing set to false
[LOG] BOT TURN DETECTOR EFFECT TRIGGERED. Phase: trade PlayerIdx: 1
[LOG] BOT TURN START 1
[LOG] BOT DETECTED Bot 2
[LOG] {TRACE: BOT_PHASE, playerId: bot_1, phase: trade, turn: 5}
[LOG] {TRACE: BOT_TURN_START, turn: 5, playerId: bot_1, playerName: Bot 2, phase: trade}
[LOG] {TRACE: BOT_ACTION_PHASE, playerId: bot_1, phase: trade, statePhase: trade}
[LOG] Calling getBotDecision()
[LOG] {TRACE: GET_BOT_DECISION, playerId: bot_1, botType: BULL, phase: trade, strategyMode: RECOVERY}
[LOG] {TRACE: REBALANCE, playerId: bot_1, botType: BULL, currentPortfolio: Object, targetPortfolio: Object}
[LOG] {TRACE: UTILITY, action: end-turn, utility: 0, expectedValue: 0, probability: 1}
[LOG] {TRACE: AUDIT_THRESHOLD, year: 1, asset: cash, threshold: 20}
[LOG] {TRACE: AUDIT_THRESHOLD, year: 1, asset: bonds, threshold: 20}
[LOG] {TRACE: AUDIT_THRESHOLD, year: 1, asset: stocks, threshold: 20}
[LOG] {TRACE: ACTION_REJECTED, action: Object, reason: BELOW_THRESHOLD, utility: -9999, expectedValue: 0}
[LOG] {TRACE: UTILITY, action: create-trade, utility: 0.3, expectedValue: 0.3, probability: 0.3}
[LOG] {TRACE: UTILITY, action: create-trade, utility: 0.3, expectedValue: 0.3, probability: 0.3}
[LOG] {TRACE: UTILITY, action: rebalance, utility: 7, expectedValue: 5, probability: 1}
[LOG] {TRACE: CANDIDATES, playerId: bot_1, botType: BULL, strategyMode: RECOVERY, phase: trade}
[LOG] {TRACE: HUMAN_MISTAKE, playerId: bot_1, bestAction: Object, selectedAction: Object, utilityGap: 4.971679827994376}
[LOG] {TRACE: HUMANIZATION, candidateActions: Array(4), chosenAction: rebalance}
[LOG] Bot action {type: rebalance, payload: Object, debug: Object}
[LOG] Dispatching bot action rebalance
[LOG] {TRACE: BOT_EXECUTION_BEGIN, executionId: 1_5_rebalance_1783753431717, playerId: bot_1, turn: 5, phase: trade}
[LOG] {TRACE: BOT_STATE_DRIFT, computedState: Object, executedState: Object}
[LOG] {TRACE: BOT_PAYLOAD, action: rebalance, payload: Object}
[LOG] {TRACE: BOT_DISPATCH, playerId: bot_1, botType: BULL, phase: trade, turn: 5}
[LOG] BOT DISPATCH ERROR (suppressed alert): Bonds and Stocks adjustments must be in complete 5L blocks.
[LOG] {source: unknown, roomId: play-local, gameVersion: 0, turn: 5, currentPlayer: 1}
[LOG] {
  "timestamp": "2026-07-11T07:03:51.718Z",
  "event": "SET_GAME_STATE_CALL",
  "source": "unknown",
  "previousState": {
    "turn": 5,
    "phase": "trade"
  },
  "newState": {
    "turn": 5,
    "phase": "trade"
  }
}
[LOG] {
  "event": "STATE_HASH",
  "turn": 5,
  "year": 1,
  "hash": "6b21c7b3"
}
[LOG] {
  "event": "TURN_OWNER_STATE",
  "source": "unknown",
  "turn": 5,
  "year": 1,
  "phase": "trade",
  "currentPlayerIndex": 1,
  "currentPlayerId": "bot_1",
  "isMyTurn": true,
  "stateHash": "6b21c7b3"
}
[LOG] {
  "timestamp": "2026-07-11T07:03:51.719Z",
  "event": "STATE_TRANSITION",
  "source": "rebalance",
  "actionId": "local_rebalance_1783753431718",
  "roomStatus": "active",
  "playerCount": 2,
  "activePlayer": "Bot 2",
  "gamePhase": "trade",
  "currentTurnBeforeAction": {
    "currentPlayerIndex": 1,
    "currentPlayerId": "bot_1",
    "phase": "trade",
    "turn": 5,
    "year": 1
  },
  "currentTurnAfterAction": {
    "currentPlayerIndex": 1,
    "currentPlayerId": "bot_1",
    "phase": "trade",
    "turn": 5,
    "year": 1
  },
  "stateDiff": {}
}
[LOG] {TRACE: BOT_EXECUTION_END, executionId: 1_5_rebalance_1783753431717, success: true}
[LOG] Bot action completed, isBotProcessing set to false
[LOG] BOT TURN DETECTOR EFFECT TRIGGERED. Phase: trade PlayerIdx: 1
[LOG] BOT TURN START 1
[LOG] BOT DETECTED Bot 2
[LOG] {TRACE: BOT_PHASE, playerId: bot_1, phase: trade, turn: 5}
[LOG] {TRACE: BOT_TURN_START, turn: 5, playerId: bot_1, playerName: Bot 2, phase: trade}
[LOG] {TRACE: BOT_ACTION_PHASE, playerId: bot_1, phase: trade, statePhase: trade}
[LOG] Calling getBotDecision()
[LOG] {TRACE: GET_BOT_DECISION, playerId: bot_1, botType: BULL, phase: trade, strategyMode: RECOVERY}
[LOG] {TRACE: REBALANCE, playerId: bot_1, botType: BULL, currentPortfolio: Object, targetPortfolio: Object}
[LOG] {TRACE: UTILITY, action: end-turn, utility: 0, expectedValue: 0, probability: 1}
[LOG] {TRACE: AUDIT_THRESHOLD, year: 1, asset: cash, threshold: 20}
[LOG] {TRACE: AUDIT_THRESHOLD, year: 1, asset: bonds, threshold: 20}
[LOG] {TRACE: AUDIT_THRESHOLD, year: 1, asset: stocks, threshold: 20}
[LOG] {TRACE: ACTION_REJECTED, action: Object, reason: BELOW_THRESHOLD, utility: -9999, expectedValue: 0}
[LOG] {TRACE: UTILITY, action: create-trade, utility: 0.3, expectedValue: 0.3, probability: 0.3}
[LOG] {TRACE: UTILITY, action: create-trade, utility: 0.3, expectedValue: 0.3, probability: 0.3}
[LOG] {TRACE: UTILITY, action: rebalance, utility: 7, expectedValue: 5, probability: 1}
[LOG] {TRACE: CANDIDATES, playerId: bot_1, botType: BULL, strategyMode: RECOVERY, phase: trade}
[LOG] {TRACE: HUMANIZATION, candidateActions: Array(4), chosenAction: rebalance}
[LOG] Bot action {type: rebalance, payload: Object, debug: Object}
[LOG] Dispatching bot action rebalance
[LOG] {TRACE: BOT_EXECUTION_BEGIN, executionId: 1_5_rebalance_1783753432302, playerId: bot_1, turn: 5, phase: trade}
[LOG] {TRACE: BOT_STATE_DRIFT, computedState: Object, executedState: Object}
[LOG] {TRACE: BOT_PAYLOAD, action: rebalance, payload: Object}
[LOG] {TRACE: BOT_DISPATCH, playerId: bot_1, botType: BULL, phase: trade, turn: 5}
[LOG] BOT DISPATCH ERROR (suppressed alert): Bonds and Stocks adjustments must be in complete 5L blocks.
[LOG] {source: unknown, roomId: play-local, gameVersion: 0, turn: 5, currentPlayer: 1}
[LOG] {
  "timestamp": "2026-07-11T07:03:52.303Z",
  "event": "SET_GAME_STATE_CALL",
  "source": "unknown",
  "previousState": {
    "turn": 5,
    "phase": "trade"
  },
  "newState": {
    "turn": 5,
    "phase": "trade"
  }
}
[LOG] {
  "event": "STATE_HASH",
  "turn": 5,
  "year": 1,
  "hash": "6b21c7b3"
}
[LOG] {
  "event": "TURN_OWNER_STATE",
  "source": "unknown",
  "turn": 5,
  "year": 1,
  "phase": "trade",
  "currentPlayerIndex": 1,
  "currentPlayerId": "bot_1",
  "isMyTurn": true,
  "stateHash": "6b21c7b3"
}
[LOG] {
  "timestamp": "2026-07-11T07:03:52.304Z",
  "event": "STATE_TRANSITION",
  "source": "rebalance",
  "actionId": "local_rebalance_1783753432303",
  "roomStatus": "active",
  "playerCount": 2,
  "activePlayer": "Bot 2",
  "gamePhase": "trade",
  "currentTurnBeforeAction": {
    "currentPlayerIndex": 1,
    "currentPlayerId": "bot_1",
    "phase": "trade",
    "turn": 5,
    "year": 1
  },
  "currentTurnAfterAction": {
    "currentPlayerIndex": 1,
    "currentPlayerId": "bot_1",
    "phase": "trade",
    "turn": 5,
    "year": 1
  },
  "stateDiff": {}
}
[LOG] {TRACE: BOT_EXECUTION_END, executionId: 1_5_rebalance_1783753432302, success: true}
[LOG] Bot action completed, isBotProcessing set to false
[LOG] BOT TURN DETECTOR EFFECT TRIGGERED. Phase: trade PlayerIdx: 1
[LOG] BOT TURN START 1
[LOG] BOT DETECTED Bot 2
[LOG] {TRACE: BOT_PHASE, playerId: bot_1, phase: trade, turn: 5}
[LOG] {TRACE: BOT_TURN_START, turn: 5, playerId: bot_1, playerName: Bot 2, phase: trade}
[LOG] {TRACE: BOT_ACTION_PHASE, playerId: bot_1, phase: trade, statePhase: trade}
[LOG] Calling getBotDecision()
[LOG] {TRACE: GET_BOT_DECISION, playerId: bot_1, botType: BULL, phase: trade, strategyMode: RECOVERY}
[LOG] {TRACE: REBALANCE, playerId: bot_1, botType: BULL, currentPortfolio: Object, targetPortfolio: Object}
[LOG] {TRACE: UTILITY, action: end-turn, utility: 0, expectedValue: 0, probability: 1}
[LOG] {TRACE: AUDIT_THRESHOLD, year: 1, asset: cash, threshold: 20}
[LOG] {TRACE: AUDIT_THRESHOLD, year: 1, asset: bonds, threshold: 20}
[LOG] {TRACE: AUDIT_THRESHOLD, year: 1, asset: stocks, threshold: 20}
[LOG] {TRACE: ACTION_REJECTED, action: Object, reason: BELOW_THRESHOLD, utility: -9999, expectedValue: 0}
[LOG] {TRACE: UTILITY, action: create-trade, utility: 0.3, expectedValue: 0.3, probability: 0.3}
[LOG] {TRACE: UTILITY, action: create-trade, utility: 0.3, expectedValue: 0.3, probability: 0.3}
[LOG] {TRACE: UTILITY, action: rebalance, utility: 7, expectedValue: 5, probability: 1}
[LOG] {TRACE: CANDIDATES, playerId: bot_1, botType: BULL, strategyMode: RECOVERY, phase: trade}
[LOG] {TRACE: HUMANIZATION, candidateActions: Array(4), chosenAction: rebalance}
[LOG] Bot action {type: rebalance, payload: Object, debug: Object}
[LOG] Dispatching bot action rebalance
[LOG] {TRACE: BOT_EXECUTION_BEGIN, executionId: 1_5_rebalance_1783753432916, playerId: bot_1, turn: 5, phase: trade}
[LOG] {TRACE: BOT_STATE_DRIFT, computedState: Object, executedState: Object}
[LOG] {TRACE: BOT_PAYLOAD, action: rebalance, payload: Object}
[LOG] {TRACE: BOT_DISPATCH, playerId: bot_1, botType: BULL, phase: trade, turn: 5}
[LOG] BOT DISPATCH ERROR (suppressed alert): Bonds and Stocks adjustments must be in complete 5L blocks.
[LOG] {source: unknown, roomId: play-local, gameVersion: 0, turn: 5, currentPlayer: 1}
[LOG] {
  "timestamp": "2026-07-11T07:03:52.917Z",
  "event": "SET_GAME_STATE_CALL",
  "source": "unknown",
  "previousState": {
    "turn": 5,
    "phase": "trade"
  },
  "newState": {
    "turn": 5,
    "phase": "trade"
  }
}
[LOG] {
  "event": "STATE_HASH",
  "turn": 5,
  "year": 1,
  "hash": "6b21c7b3"
}
[LOG] {
  "event": "TURN_OWNER_STATE",
  "source": "unknown",
  "turn": 5,
  "year": 1,
  "phase": "trade",
  "currentPlayerIndex": 1,
  "currentPlayerId": "bot_1",
  "isMyTurn": true,
  "stateHash": "6b21c7b3"
}
[LOG] {
  "timestamp": "2026-07-11T07:03:52.918Z",
  "event": "STATE_TRANSITION",
  "source": "rebalance",
  "actionId": "local_rebalance_1783753432916",
  "roomStatus": "active",
  "playerCount": 2,
  "activePlayer": "Bot 2",
  "gamePhase": "trade",
  "currentTurnBeforeAction": {
    "currentPlayerIndex": 1,
    "currentPlayerId": "bot_1",
    "phase": "trade",
    "turn": 5,
    "year": 1
  },
  "currentTurnAfterAction": {
    "currentPlayerIndex": 1,
    "currentPlayerId": "bot_1",
    "phase": "trade",
    "turn": 5,
    "year": 1
  },
  "stateDiff": {}
}
[LOG] {TRACE: BOT_EXECUTION_END, executionId: 1_5_rebalance_1783753432916, success: true}
[LOG] Bot action completed, isBotProcessing set to false
[LOG] BOT TURN DETECTOR EFFECT TRIGGERED. Phase: trade PlayerIdx: 1
[LOG] BOT TURN START 1
[LOG] BOT DETECTED Bot 2
[LOG] {TRACE: BOT_PHASE, playerId: bot_1, phase: trade, turn: 5}
[LOG] {TRACE: BOT_TURN_START, turn: 5, playerId: bot_1, playerName: Bot 2, phase: trade}
[LOG] {TRACE: BOT_ACTION_PHASE, playerId: bot_1, phase: trade, statePhase: trade}
[LOG] Calling getBotDecision()
[LOG] {TRACE: GET_BOT_DECISION, playerId: bot_1, botType: BULL, phase: trade, strategyMode: RECOVERY}
[LOG] {TRACE: REBALANCE, playerId: bot_1, botType: BULL, currentPortfolio: Object, targetPortfolio: Object}
[LOG] {TRACE: UTILITY, action: end-turn, utility: 0, expectedValue: 0, probability: 1}
[LOG] {TRACE: AUDIT_THRESHOLD, year: 1, asset: cash, threshold: 20}
[LOG] {TRACE: AUDIT_THRESHOLD, year: 1, asset: bonds, threshold: 20}
[LOG] {TRACE: AUDIT_THRESHOLD, year: 1, asset: stocks, threshold: 20}
[LOG] {TRACE: ACTION_REJECTED, action: Object, reason: BELOW_THRESHOLD, utility: -9999, expectedValue: 0}
[LOG] {TRACE: UTILITY, action: create-trade, utility: 0.3, expectedValue: 0.3, probability: 0.3}
[LOG] {TRACE: UTILITY, action: create-trade, utility: 0.3, expectedValue: 0.3, probability: 0.3}
[LOG] {TRACE: UTILITY, action: rebalance, utility: 7, expectedValue: 5, probability: 1}
[LOG] {TRACE: CANDIDATES, playerId: bot_1, botType: BULL, strategyMode: RECOVERY, phase: trade}
[LOG] {TRACE: HUMANIZATION, candidateActions: Array(4), chosenAction: rebalance}
[LOG] Bot action {type: rebalance, payload: Object, debug: Object}
[LOG] Dispatching bot action rebalance
[LOG] {TRACE: BOT_EXECUTION_BEGIN, executionId: 1_5_rebalance_1783753433588, playerId: bot_1, turn: 5, phase: trade}
[LOG] {TRACE: BOT_STATE_DRIFT, computedState: Object, executedState: Object}
[LOG] {TRACE: BOT_PAYLOAD, action: rebalance, payload: Object}
[LOG] {TRACE: BOT_DISPATCH, playerId: bot_1, botType: BULL, phase: trade, turn: 5}
[LOG] BOT DISPATCH ERROR (suppressed alert): Bonds and Stocks adjustments must be in complete 5L blocks.
[LOG] {source: unknown, roomId: play-local, gameVersion: 0, turn: 5, currentPlayer: 1}
[LOG] {
  "timestamp": "2026-07-11T07:03:53.589Z",
  "event": "SET_GAME_STATE_CALL",
  "source": "unknown",
  "previousState": {
    "turn": 5,
    "phase": "trade"
  },
  "newState": {
    "turn": 5,
    "phase": "trade"
  }
}
[LOG] {
  "event": "STATE_HASH",
  "turn": 5,
  "year": 1,
  "hash": "6b21c7b3"
}
[LOG] {
  "event": "TURN_OWNER_STATE",
  "source": "unknown",
  "turn": 5,
  "year": 1,
  "phase": "trade",
  "currentPlayerIndex": 1,
  "currentPlayerId": "bot_1",
  "isMyTurn": true,
  "stateHash": "6b21c7b3"
}
[LOG] {
  "timestamp": "2026-07-11T07:03:53.590Z",
  "event": "STATE_TRANSITION",
  "source": "rebalance",
  "actionId": "local_rebalance_1783753433588",
  "roomStatus": "active",
  "playerCount": 2,
  "activePlayer": "Bot 2",
  "gamePhase": "trade",
  "currentTurnBeforeAction": {
    "currentPlayerIndex": 1,
    "currentPlayerId": "bot_1",
    "phase": "trade",
    "turn": 5,
    "year": 1
  },
  "currentTurnAfterAction": {
    "currentPlayerIndex": 1,
    "currentPlayerId": "bot_1",
    "phase": "trade",
    "turn": 5,
    "year": 1
  },
  "stateDiff": {}
}
[LOG] {TRACE: BOT_EXECUTION_END, executionId: 1_5_rebalance_1783753433588, success: true}
[LOG] Bot action completed, isBotProcessing set to false
[LOG] BOT TURN DETECTOR EFFECT TRIGGERED. Phase: trade PlayerIdx: 1
[LOG] BOT TURN START 1
[LOG] BOT DETECTED Bot 2
[LOG] {TRACE: BOT_PHASE, playerId: bot_1, phase: trade, turn: 5}
[LOG] {TRACE: BOT_TURN_START, turn: 5, playerId: bot_1, playerName: Bot 2, phase: trade}
[LOG] {TRACE: BOT_ACTION_PHASE, playerId: bot_1, phase: trade, statePhase: trade}
[LOG] Calling getBotDecision()
[LOG] {TRACE: GET_BOT_DECISION, playerId: bot_1, botType: BULL, phase: trade, strategyMode: RECOVERY}
[LOG] {TRACE: REBALANCE, playerId: bot_1, botType: BULL, currentPortfolio: Object, targetPortfolio: Object}
[LOG] {TRACE: UTILITY, action: end-turn, utility: 0, expectedValue: 0, probability: 1}
[LOG] {TRACE: AUDIT_THRESHOLD, year: 1, asset: cash, threshold: 20}
[LOG] {TRACE: AUDIT_THRESHOLD, year: 1, asset: bonds, threshold: 20}
[LOG] {TRACE: AUDIT_THRESHOLD, year: 1, asset: stocks, threshold: 20}
[LOG] {TRACE: ACTION_REJECTED, action: Object, reason: BELOW_THRESHOLD, utility: -9999, expectedValue: 0}
[LOG] {TRACE: UTILITY, action: create-trade, utility: 0.3, expectedValue: 0.3, probability: 0.3}
[LOG] {TRACE: UTILITY, action: create-trade, utility: 0.3, expectedValue: 0.3, probability: 0.3}
[LOG] {TRACE: UTILITY, action: rebalance, utility: 7, expectedValue: 5, probability: 1}
[LOG] {TRACE: CANDIDATES, playerId: bot_1, botType: BULL, strategyMode: RECOVERY, phase: trade}
[LOG] {TRACE: HUMANIZATION, candidateActions: Array(4), chosenAction: rebalance}
[LOG] Bot action {type: rebalance, payload: Object, debug: Object}
[LOG] Dispatching bot action rebalance
[LOG] {TRACE: BOT_EXECUTION_BEGIN, executionId: 1_5_rebalance_1783753434239, playerId: bot_1, turn: 5, phase: trade}
[LOG] {TRACE: BOT_STATE_DRIFT, computedState: Object, executedState: Object}
[LOG] {TRACE: BOT_PAYLOAD, action: rebalance, payload: Object}
[LOG] {TRACE: BOT_DISPATCH, playerId: bot_1, botType: BULL, phase: trade, turn: 5}
[LOG] BOT DISPATCH ERROR (suppressed alert): Bonds and Stocks adjustments must be in complete 5L blocks.
[LOG] {source: unknown, roomId: play-local, gameVersion: 0, turn: 5, currentPlayer: 1}
[LOG] {
  "timestamp": "2026-07-11T07:03:54.240Z",
  "event": "SET_GAME_STATE_CALL",
  "source": "unknown",
  "previousState": {
    "turn": 5,
    "phase": "trade"
  },
  "newState": {
    "turn": 5,
    "phase": "trade"
  }
}
[LOG] {
  "event": "STATE_HASH",
  "turn": 5,
  "year": 1,
  "hash": "6b21c7b3"
}
[LOG] {
  "event": "TURN_OWNER_STATE",
  "source": "unknown",
  "turn": 5,
  "year": 1,
  "phase": "trade",
  "currentPlayerIndex": 1,
  "currentPlayerId": "bot_1",
  "isMyTurn": true,
  "stateHash": "6b21c7b3"
}
[LOG] {
  "timestamp": "2026-07-11T07:03:54.240Z",
  "event": "STATE_TRANSITION",
  "source": "rebalance",
  "actionId": "local_rebalance_1783753434240",
  "roomStatus": "active",
  "playerCount": 2,
  "activePlayer": "Bot 2",
  "gamePhase": "trade",
  "currentTurnBeforeAction": {
    "currentPlayerIndex": 1,
    "currentPlayerId": "bot_1",
    "phase": "trade",
    "turn": 5,
    "year": 1
  },
  "currentTurnAfterAction": {
    "currentPlayerIndex": 1,
    "currentPlayerId": "bot_1",
    "phase": "trade",
    "turn": 5,
    "year": 1
  },
  "stateDiff": {}
}
[LOG] {TRACE: BOT_EXECUTION_END, executionId: 1_5_rebalance_1783753434239, success: true}
[LOG] Bot action completed, isBotProcessing set to false
[LOG] BOT TURN DETECTOR EFFECT TRIGGERED. Phase: trade PlayerIdx: 1
[LOG] BOT TURN START 1
[LOG] BOT DETECTED Bot 2
[LOG] {TRACE: BOT_PHASE, playerId: bot_1, phase: trade, turn: 5}
[LOG] {TRACE: BOT_TURN_START, turn: 5, playerId: bot_1, playerName: Bot 2, phase: trade}
[LOG] {TRACE: BOT_ACTION_PHASE, playerId: bot_1, phase: trade, statePhase: trade}
[LOG] Calling getBotDecision()
[LOG] {TRACE: GET_BOT_DECISION, playerId: bot_1, botType: BULL, phase: trade, strategyMode: RECOVERY}
[LOG] {TRACE: REBALANCE, playerId: bot_1, botType: BULL, currentPortfolio: Object, targetPortfolio: Object}
[LOG] {TRACE: UTILITY, action: end-turn, utility: 0, expectedValue: 0, probability: 1}
[LOG] {TRACE: AUDIT_THRESHOLD, year: 1, asset: cash, threshold: 20}
[LOG] {TRACE: AUDIT_THRESHOLD, year: 1, asset: bonds, threshold: 20}
[LOG] {TRACE: AUDIT_THRESHOLD, year: 1, asset: stocks, threshold: 20}
[LOG] {TRACE: ACTION_REJECTED, action: Object, reason: BELOW_THRESHOLD, utility: -9999, expectedValue: 0}
[LOG] {TRACE: UTILITY, action: create-trade, utility: 0.3, expectedValue: 0.3, probability: 0.3}
[LOG] {TRACE: UTILITY, action: create-trade, utility: 0.3, expectedValue: 0.3, probability: 0.3}
[LOG] {TRACE: UTILITY, action: rebalance, utility: 7, expectedValue: 5, probability: 1}
[LOG] {TRACE: CANDIDATES, playerId: bot_1, botType: BULL, strategyMode: RECOVERY, phase: trade}
[LOG] {TRACE: HUMANIZATION, candidateActions: Array(4), chosenAction: rebalance}
[LOG] Bot action {type: rebalance, payload: Object, debug: Object}
[LOG] Dispatching bot action rebalance
[LOG] {TRACE: BOT_EXECUTION_BEGIN, executionId: 1_5_rebalance_1783753434736, playerId: bot_1, turn: 5, phase: trade}
[LOG] {TRACE: BOT_STATE_DRIFT, computedState: Object, executedState: Object}
[LOG] {TRACE: BOT_PAYLOAD, action: rebalance, payload: Object}
[LOG] {TRACE: BOT_DISPATCH, playerId: bot_1, botType: BULL, phase: trade, turn: 5}
[LOG] BOT DISPATCH ERROR (suppressed alert): Bonds and Stocks adjustments must be in complete 5L blocks.
[LOG] {source: unknown, roomId: play-local, gameVersion: 0, turn: 5, currentPlayer: 1}
[LOG] {
  "timestamp": "2026-07-11T07:03:54.737Z",
  "event": "SET_GAME_STATE_CALL",
  "source": "unknown",
  "previousState": {
    "turn": 5,
    "phase": "trade"
  },
  "newState": {
    "turn": 5,
    "phase": "trade"
  }
}
[LOG] {
  "event": "STATE_HASH",
  "turn": 5,
  "year": 1,
  "hash": "6b21c7b3"
}
[LOG] {
  "event": "TURN_OWNER_STATE",
  "source": "unknown",
  "turn": 5,
  "year": 1,
  "phase": "trade",
  "currentPlayerIndex": 1,
  "currentPlayerId": "bot_1",
  "isMyTurn": true,
  "stateHash": "6b21c7b3"
}
[LOG] {
  "timestamp": "2026-07-11T07:03:54.738Z",
  "event": "STATE_TRANSITION",
  "source": "rebalance",
  "actionId": "local_rebalance_1783753434736",
  "roomStatus": "active",
  "playerCount": 2,
  "activePlayer": "Bot 2",
  "gamePhase": "trade",
  "currentTurnBeforeAction": {
    "currentPlayerIndex": 1,
    "currentPlayerId": "bot_1",
    "phase": "trade",
    "turn": 5,
    "year": 1
  },
  "currentTurnAfterAction": {
    "currentPlayerIndex": 1,
    "currentPlayerId": "bot_1",
    "phase": "trade",
    "turn": 5,
    "year": 1
  },
  "stateDiff": {}
}
[LOG] {TRACE: BOT_EXECUTION_END, executionId: 1_5_rebalance_1783753434736, success: true}
[LOG] Bot action completed, isBotProcessing set to false
[LOG] BOT TURN DETECTOR EFFECT TRIGGERED. Phase: trade PlayerIdx: 1
[LOG] BOT TURN START 1
[LOG] BOT DETECTED Bot 2
[LOG] {TRACE: BOT_PHASE, playerId: bot_1, phase: trade, turn: 5}
[LOG] {TRACE: BOT_TURN_START, turn: 5, playerId: bot_1, playerName: Bot 2, phase: trade}
[LOG] {TRACE: BOT_ACTION_PHASE, playerId: bot_1, phase: trade, statePhase: trade}
[LOG] Calling getBotDecision()
[LOG] {TRACE: GET_BOT_DECISION, playerId: bot_1, botType: BULL, phase: trade, strategyMode: RECOVERY}
[LOG] {TRACE: REBALANCE, playerId: bot_1, botType: BULL, currentPortfolio: Object, targetPortfolio: Object}
[LOG] {TRACE: UTILITY, action: end-turn, utility: 0, expectedValue: 0, probability: 1}
[LOG] {TRACE: AUDIT_THRESHOLD, year: 1, asset: cash, threshold: 20}
[LOG] {TRACE: AUDIT_THRESHOLD, year: 1, asset: bonds, threshold: 20}
[LOG] {TRACE: AUDIT_THRESHOLD, year: 1, asset: stocks, threshold: 20}
[LOG] {TRACE: ACTION_REJECTED, action: Object, reason: BELOW_THRESHOLD, utility: -9999, expectedValue: 0}
[LOG] {TRACE: UTILITY, action: create-trade, utility: 0.3, expectedValue: 0.3, probability: 0.3}
[LOG] {TRACE: UTILITY, action: create-trade, utility: 0.3, expectedValue: 0.3, probability: 0.3}
[LOG] {TRACE: UTILITY, action: rebalance, utility: 7, expectedValue: 5, probability: 1}
[LOG] {TRACE: CANDIDATES, playerId: bot_1, botType: BULL, strategyMode: RECOVERY, phase: trade}
[LOG] {TRACE: HUMANIZATION, candidateActions: Array(4), chosenAction: rebalance}
[LOG] Bot action {type: rebalance, payload: Object, debug: Object}
[LOG] Dispatching bot action rebalance
[LOG] {TRACE: BOT_EXECUTION_BEGIN, executionId: 1_5_rebalance_1783753435346, playerId: bot_1, turn: 5, phase: trade}
[LOG] {TRACE: BOT_STATE_DRIFT, computedState: Object, executedState: Object}
[LOG] {TRACE: BOT_PAYLOAD, action: rebalance, payload: Object}
[LOG] {TRACE: BOT_DISPATCH, playerId: bot_1, botType: BULL, phase: trade, turn: 5}
[LOG] BOT DISPATCH ERROR (suppressed alert): Bonds and Stocks adjustments must be in complete 5L blocks.
[LOG] {source: unknown, roomId: play-local, gameVersion: 0, turn: 5, currentPlayer: 1}
[LOG] {
  "timestamp": "2026-07-11T07:03:55.347Z",
  "event": "SET_GAME_STATE_CALL",
  "source": "unknown",
  "previousState": {
    "turn": 5,
    "phase": "trade"
  },
  "newState": {
    "turn": 5,
    "phase": "trade"
  }
}
[LOG] {
  "event": "STATE_HASH",
  "turn": 5,
  "year": 1,
  "hash": "6b21c7b3"
}
[LOG] {
  "event": "TURN_OWNER_STATE",
  "source": "unknown",
  "turn": 5,
  "year": 1,
  "phase": "trade",
  "currentPlayerIndex": 1,
  "currentPlayerId": "bot_1",
  "isMyTurn": true,
  "stateHash": "6b21c7b3"
}
[LOG] {
  "timestamp": "2026-07-11T07:03:55.348Z",
  "event": "STATE_TRANSITION",
  "source": "rebalance",
  "actionId": "local_rebalance_1783753435347",
  "roomStatus": "active",
  "playerCount": 2,
  "activePlayer": "Bot 2",
  "gamePhase": "trade",
  "currentTurnBeforeAction": {
    "currentPlayerIndex": 1,
    "currentPlayerId": "bot_1",
    "phase": "trade",
    "turn": 5,
    "year": 1
  },
  "currentTurnAfterAction": {
    "currentPlayerIndex": 1,
    "currentPlayerId": "bot_1",
    "phase": "trade",
    "turn": 5,
    "year": 1
  },
  "stateDiff": {}
}
[LOG] {TRACE: BOT_EXECUTION_END, executionId: 1_5_rebalance_1783753435346, success: true}
[LOG] Bot action completed, isBotProcessing set to false
[LOG] BOT TURN DETECTOR EFFECT TRIGGERED. Phase: trade PlayerIdx: 1
[LOG] BOT TURN START 1
[LOG] BOT DETECTED Bot 2
[LOG] {TRACE: BOT_PHASE, playerId: bot_1, phase: trade, turn: 5}
[LOG] {TRACE: BOT_TURN_START, turn: 5, playerId: bot_1, playerName: Bot 2, phase: trade}
[LOG] [Fast Refresh] rebuilding
[LOG] {TRACE: BOT_ACTION_PHASE, playerId: bot_1, phase: trade, statePhase: trade}
[LOG] Calling getBotDecision()
[LOG] {TRACE: GET_BOT_DECISION, playerId: bot_1, botType: BULL, phase: trade, strategyMode: RECOVERY}
[LOG] {TRACE: REBALANCE, playerId: bot_1, botType: BULL, currentPortfolio: Object, targetPortfolio: Object}
[LOG] {TRACE: UTILITY, action: end-turn, utility: 0, expectedValue: 0, probability: 1}
[LOG] {TRACE: AUDIT_THRESHOLD, year: 1, asset: cash, threshold: 20}
[LOG] {TRACE: AUDIT_THRESHOLD, year: 1, asset: bonds, threshold: 20}
[LOG] {TRACE: AUDIT_THRESHOLD, year: 1, asset: stocks, threshold: 20}
[LOG] {TRACE: ACTION_REJECTED, action: Object, reason: BELOW_THRESHOLD, utility: -9999, expectedValue: 0}
[LOG] {TRACE: UTILITY, action: create-trade, utility: 0.3, expectedValue: 0.3, probability: 0.3}
[LOG] {TRACE: UTILITY, action: create-trade, utility: 0.3, expectedValue: 0.3, probability: 0.3}
[LOG] {TRACE: UTILITY, action: rebalance, utility: 7, expectedValue: 5, probability: 1}
[LOG] {TRACE: CANDIDATES, playerId: bot_1, botType: BULL, strategyMode: RECOVERY, phase: trade}
[LOG] {TRACE: HUMANIZATION, candidateActions: Array(4), chosenAction: rebalance}
[LOG] Bot action {type: rebalance, payload: Object, debug: Object}
[LOG] Dispatching bot action rebalance
[LOG] {TRACE: BOT_EXECUTION_BEGIN, executionId: 1_5_rebalance_1783753436073, playerId: bot_1, turn: 5, phase: trade}
[LOG] {TRACE: BOT_STATE_DRIFT, computedState: Object, executedState: Object}
[LOG] {TRACE: BOT_PAYLOAD, action: rebalance, payload: Object}
[LOG] {TRACE: BOT_DISPATCH, playerId: bot_1, botType: BULL, phase: trade, turn: 5}
[LOG] BOT DISPATCH ERROR (suppressed alert): Bonds and Stocks adjustments must be in complete 5L blocks.
[LOG] {source: unknown, roomId: play-local, gameVersion: 0, turn: 5, currentPlayer: 1}
[LOG] {
  "timestamp": "2026-07-11T07:03:56.074Z",
  "event": "SET_GAME_STATE_CALL",
  "source": "unknown",
  "previousState": {
    "turn": 5,
    "phase": "trade"
  },
  "newState": {
    "turn": 5,
    "phase": "trade"
  }
}
[LOG] {
  "event": "STATE_HASH",
  "turn": 5,
  "year": 1,
  "hash": "6b21c7b3"
}
[LOG] {
  "event": "TURN_OWNER_STATE",
  "source": "unknown",
  "turn": 5,
  "year": 1,
  "phase": "trade",
  "currentPlayerIndex": 1,
  "currentPlayerId": "bot_1",
  "isMyTurn": true,
  "stateHash": "6b21c7b3"
}
[LOG] {
  "timestamp": "2026-07-11T07:03:56.075Z",
  "event": "STATE_TRANSITION",
  "source": "rebalance",
  "actionId": "local_rebalance_1783753436074",
  "roomStatus": "active",
  "playerCount": 2,
  "activePlayer": "Bot 2",
  "gamePhase": "trade",
  "currentTurnBeforeAction": {
    "currentPlayerIndex": 1,
    "currentPlayerId": "bot_1",
    "phase": "trade",
    "turn": 5,
    "year": 1
  },
  "currentTurnAfterAction": {
    "currentPlayerIndex": 1,
    "currentPlayerId": "bot_1",
    "phase": "trade",
    "turn": 5,
    "year": 1
  },
  "stateDiff": {}
}
[LOG] {TRACE: BOT_EXECUTION_END, executionId: 1_5_rebalance_1783753436073, success: true}
[LOG] Bot action completed, isBotProcessing set to false
[LOG] BOT TURN DETECTOR EFFECT TRIGGERED. Phase: trade PlayerIdx: 1
[LOG] BOT TURN START 1
[LOG] BOT DETECTED Bot 2
[LOG] {TRACE: BOT_PHASE, playerId: bot_1, phase: trade, turn: 5}
[LOG] {TRACE: BOT_TURN_START, turn: 5, playerId: bot_1, playerName: Bot 2, phase: trade}
[LOG] ./lib/game-engine/bot.ts:439:5
Return statement is not allowed here
  437 |     });
  438 |
> 439 |     return { newCash: c, newBonds: b, newStocks: s };
      |     ^^^^^^^^^^^^^^^^^^^^^^^^^^^^^^^^^^^^^^^^^^^^^^^^^
  440 | }
  441 |
  442 | function getRichestOpponent(state: GameState, botIdx: number) {

Parsing ecmascript source code failed

Import traces:
  Client Component Browser:
    ./lib/game-engine/bot.ts [Client Component Browser]
    ./hooks/useGameTurn.ts [Client Component Browser]
    ./app/(game)/room/[code]/page.tsx [Client Component Browser]
    ./app/(game)/room/[code]/page.tsx [Server Component]

  Client Component SSR:
    ./lib/game-engine/bot.ts [Client Component SSR]
    ./hooks/useGameTurn.ts [Client Component SSR]
    ./app/(game)/room/[code]/page.tsx [Client Component SSR]
    ./app/(game)/room/[code]/page.tsx [Server Component]
[LOG] Failed to load resource: the server responded with a status of 500 (Internal Server Error)
[LOG] ./lib/game-engine/bot.ts:439:5
Return statement is not allowed here
  437 |     });
  438 |
> 439 |     return { newCash: c, newBonds: b, newStocks: s };
      |     ^^^^^^^^^^^^^^^^^^^^^^^^^^^^^^^^^^^^^^^^^^^^^^^^^
  440 | }
  441 |
  442 | function getRichestOpponent(state: GameState, botIdx: number) {

Parsing ecmascript source code failed

Import traces:
  Client Component Browser:
    ./lib/game-engine/bot.ts [Client Component Browser]
    ./hooks/useGameTurn.ts [Client Component Browser]
    ./app/(game)/room/[code]/page.tsx [Client Component Browser]
    ./app/(game)/room/[code]/page.tsx [Server Component]

  Client Component SSR:
    ./lib/game-engine/bot.ts [Client Component SSR]
    ./hooks/useGameTurn.ts [Client Component SSR]
    ./app/(game)/room/[code]/page.tsx [Client Component SSR]
    ./app/(game)/room/[code]/page.tsx [Server Component]
[LOG] Failed to load resource: the server responded with a status of 500 (Internal Server Error)
[LOG] %cDownload the React DevTools for a better development experience: https://react.dev/link/react-devtools font-weight:bold
[PAGE_ERR] ./lib/game-engine/bot.ts:439:5
Return statement is not allowed here
  437 |     });
  438 |
> 439 |     return { newCash: c, newBonds: b, newStocks: s };
      |     ^^^^^^^^^^^^^^^^^^^^^^^^^^^^^^^^^^^^^^^^^^^^^^^^^
  440 | }
  441 |
  442 | function getRichestOpponent(state: GameState, botIdx: number) {

Parsing ecmascript source code failed

Import traces:
  Client Component Browser:
    ./lib/game-engine/bot.ts [Client Component Browser]
    ./hooks/useGameTurn.ts [Client Component Browser]
    ./app/(game)/room/[code]/page.tsx [Client Component Browser]
    ./app/(game)/room/[code]/page.tsx [Server Component]

  Client Component SSR:
    ./lib/game-engine/bot.ts [Client Component SSR]
    ./hooks/useGameTurn.ts [Client Component SSR]
    ./app/(game)/room/[code]/page.tsx [Client Component SSR]
    ./app/(game)/room/[code]/page.tsx [Server Component]


[LOG] [HMR] connected
[LOG] ./lib/game-engine/bot.ts:439:5
Return statement is not allowed here
  437 |     });
  438 |
> 439 |     return { newCash: c, newBonds: b, newStocks: s };
      |     ^^^^^^^^^^^^^^^^^^^^^^^^^^^^^^^^^^^^^^^^^^^^^^^^^
  440 | }
  441 |
  442 | function getRichestOpponent(state: GameState, botIdx: number) {

Parsing ecmascript source code failed

Import traces:
  Client Component Browser:
    ./lib/game-engine/bot.ts [Client Component Browser]
    ./hooks/useGameTurn.ts [Client Component Browser]
    ./app/(game)/room/[code]/page.tsx [Client Component Browser]
    ./app/(game)/room/[code]/page.tsx [Server Component]

  Client Component SSR:
    ./lib/game-engine/bot.ts [Client Component SSR]
    ./hooks/useGameTurn.ts [Client Component SSR]
    ./app/(game)/room/[code]/page.tsx [Client Component SSR]
    ./app/(game)/room/[code]/page.tsx [Server Component]
[LOG] console.clear
[LOG] ./lib/game-engine/bot.ts:439:5
Return statement is not allowed here
  437 |     });
  438 |
> 439 |     return { newCash: c, newBonds: b, newStocks: s };
      |     ^^^^^^^^^^^^^^^^^^^^^^^^^^^^^^^^^^^^^^^^^^^^^^^^^
  440 | }
  441 |
  442 | function getRichestOpponent(state: GameState, botIdx: number) {

Parsing ecmascript source code failed

Import traces:
  Client Component Browser:
    ./lib/game-engine/bot.ts [Client Component Browser]
    ./hooks/useGameTurn.ts [Client Component Browser]
    ./app/(game)/room/[code]/page.tsx [Client Component Browser]
    ./app/(game)/room/[code]/page.tsx [Server Component]

  Client Component SSR:
    ./lib/game-engine/bot.ts [Client Component SSR]
    ./hooks/useGameTurn.ts [Client Component SSR]
    ./app/(game)/room/[code]/page.tsx [Client Component SSR]
    ./app/(game)/room/[code]/page.tsx [Server Component]
[LOG] [Fast Refresh] rebuilding
[LOG] console.clear
[LOG] ./lib/game-engine/bot.ts:439:5
Return statement is not allowed here
  437 |     });
  438 |
> 439 |     return { newCash: c, newBonds: b, newStocks: s };
      |     ^^^^^^^^^^^^^^^^^^^^^^^^^^^^^^^^^^^^^^^^^^^^^^^^^
  440 | }
  441 |
  442 | function getRichestOpponent(state: GameState, botIdx: number) {

Parsing ecmascript source code failed

Import traces:
  Client Component Browser:
    ./lib/game-engine/bot.ts [Client Component Browser]
    ./hooks/useGameTurn.ts [Client Component Browser]
    ./app/(game)/room/[code]/page.tsx [Client Component Browser]
    ./app/(game)/room/[code]/page.tsx [Server Component]

  Client Component SSR:
    ./lib/game-engine/bot.ts [Client Component SSR]
    ./hooks/useGameTurn.ts [Client Component SSR]
    ./app/(game)/room/[code]/page.tsx [Client Component SSR]
    ./app/(game)/room/[code]/page.tsx [Server Component]
[LOG] console.clear
[LOG] ./lib/game-engine/bot.ts:439:5
Return statement is not allowed here
  437 |     });
  438 |
> 439 |     return { newCash: c, newBonds: b, newStocks: s };
      |     ^^^^^^^^^^^^^^^^^^^^^^^^^^^^^^^^^^^^^^^^^^^^^^^^^
  440 | }
  441 |
  442 | function getRichestOpponent(state: GameState, botIdx: number) {

Parsing ecmascript source code failed

Import traces:
  Client Component Browser:
    ./lib/game-engine/bot.ts [Client Component Browser]
    ./hooks/useGameTurn.ts [Client Component Browser]
    ./app/(game)/room/[code]/page.tsx [Client Component Browser]
    ./app/(game)/room/[code]/page.tsx [Server Component]

  Client Component SSR:
    ./lib/game-engine/bot.ts [Client Component SSR]
    ./hooks/useGameTurn.ts [Client Component SSR]
    ./app/(game)/room/[code]/page.tsx [Client Component SSR]
    ./app/(game)/room/[code]/page.tsx [Server Component]
[LOG] console.clear
[LOG] ./lib/game-engine/bot.ts:439:5
Return statement is not allowed here
  437 |     });
  438 |
> 439 |     return { newCash: c, newBonds: b, newStocks: s };
      |     ^^^^^^^^^^^^^^^^^^^^^^^^^^^^^^^^^^^^^^^^^^^^^^^^^
  440 | }
  441 |
  442 | function getRichestOpponent(state: GameState, botIdx: number) {

Parsing ecmascript source code failed

Import traces:
  Client Component Browser:
    ./lib/game-engine/bot.ts [Client Component Browser]
    ./hooks/useGameTurn.ts [Client Component Browser]
    ./app/(game)/room/[code]/page.tsx [Client Component Browser]
    ./app/(game)/room/[code]/page.tsx [Server Component]

  Client Component SSR:
    ./lib/game-engine/bot.ts [Client Component SSR]
    ./hooks/useGameTurn.ts [Client Component SSR]
    ./app/(game)/room/[code]/page.tsx [Client Component SSR]
    ./app/(game)/room/[code]/page.tsx [Server Component]
[LOG] console.clear
[LOG] ./lib/game-engine/bot.ts:439:5
Return statement is not allowed here
  437 |     });
  438 |
> 439 |     return { newCash: c, newBonds: b, newStocks: s };
      |     ^^^^^^^^^^^^^^^^^^^^^^^^^^^^^^^^^^^^^^^^^^^^^^^^^
  440 | }
  441 |
  442 | function getRichestOpponent(state: GameState, botIdx: number) {

Parsing ecmascript source code failed

Import traces:
  Client Component Browser:
    ./lib/game-engine/bot.ts [Client Component Browser]
    ./hooks/useGameTurn.ts [Client Component Browser]
    ./app/(game)/room/[code]/page.tsx [Client Component Browser]
    ./app/(game)/room/[code]/page.tsx [Server Component]

  Client Component SSR:
    ./lib/game-engine/bot.ts [Client Component SSR]
    ./hooks/useGameTurn.ts [Client Component SSR]
    ./app/(game)/room/[code]/page.tsx [Client Component SSR]
    ./app/(game)/room/[code]/page.tsx [Server Component]
[LOG] console.clear
[LOG] ./lib/game-engine/bot.ts:439:5
Return statement is not allowed here
  437 |     });
  438 |
> 439 |     return { newCash: c, newBonds: b, newStocks: s };
      |     ^^^^^^^^^^^^^^^^^^^^^^^^^^^^^^^^^^^^^^^^^^^^^^^^^
  440 | }
  441 |
  442 | function getRichestOpponent(state: GameState, botIdx: number) {

Parsing ecmascript source code failed

Import traces:
  Client Component Browser:
    ./lib/game-engine/bot.ts [Client Component Browser]
    ./hooks/useGameTurn.ts [Client Component Browser]
    ./app/(game)/room/[code]/page.tsx [Client Component Browser]
    ./app/(game)/room/[code]/page.tsx [Server Component]

  Client Component SSR:
    ./lib/game-engine/bot.ts [Client Component SSR]
    ./hooks/useGameTurn.ts [Client Component SSR]
    ./app/(game)/room/[code]/page.tsx [Client Component SSR]
    ./app/(game)/room/[code]/page.tsx [Server Component]
[LOG] console.clear
[LOG] ./lib/game-engine/bot.ts:439:5
Return statement is not allowed here
  437 |     });
  438 |
> 439 |     return { newCash: c, newBonds: b, newStocks: s };
      |     ^^^^^^^^^^^^^^^^^^^^^^^^^^^^^^^^^^^^^^^^^^^^^^^^^
  440 | }
  441 |
  442 | function getRichestOpponent(state: GameState, botIdx: number) {

Parsing ecmascript source code failed

Import traces:
  Client Component Browser:
    ./lib/game-engine/bot.ts [Client Component Browser]
    ./hooks/useGameTurn.ts [Client Component Browser]
    ./app/(game)/room/[code]/page.tsx [Client Component Browser]
    ./app/(game)/room/[code]/page.tsx [Server Component]

  Client Component SSR:
    ./lib/game-engine/bot.ts [Client Component SSR]
    ./hooks/useGameTurn.ts [Client Component SSR]
    ./app/(game)/room/[code]/page.tsx [Client Component SSR]
    ./app/(game)/room/[code]/page.tsx [Server Component]
[LOG] console.clear
[LOG] ./lib/game-engine/bot.ts:439:5
Return statement is not allowed here
  437 |     });
  438 |
> 439 |     return { newCash: c, newBonds: b, newStocks: s };
      |     ^^^^^^^^^^^^^^^^^^^^^^^^^^^^^^^^^^^^^^^^^^^^^^^^^
  440 | }
  441 |
  442 | function getRichestOpponent(state: GameState, botIdx: number) {

Parsing ecmascript source code failed

Import traces:
  Client Component Browser:
    ./lib/game-engine/bot.ts [Client Component Browser]
    ./hooks/useGameTurn.ts [Client Component Browser]
    ./app/(game)/room/[code]/page.tsx [Client Component Browser]
    ./app/(game)/room/[code]/page.tsx [Server Component]

  Client Component SSR:
    ./lib/game-engine/bot.ts [Client Component SSR]
    ./hooks/useGameTurn.ts [Client Component SSR]
    ./app/(game)/room/[code]/page.tsx [Client Component SSR]
    ./app/(game)/room/[code]/page.tsx [Server Component]
[LOG] console.clear
[LOG] ./lib/game-engine/bot.ts:439:5
Return statement is not allowed here
  437 |     });
  438 |
> 439 |     return { newCash: c, newBonds: b, newStocks: s };
      |     ^^^^^^^^^^^^^^^^^^^^^^^^^^^^^^^^^^^^^^^^^^^^^^^^^
  440 | }
  441 |
  442 | function getRichestOpponent(state: GameState, botIdx: number) {

Parsing ecmascript source code failed

Import traces:
  Client Component Browser:
    ./lib/game-engine/bot.ts [Client Component Browser]
    ./hooks/useGameTurn.ts [Client Component Browser]
    ./app/(game)/room/[code]/page.tsx [Client Component Browser]
    ./app/(game)/room/[code]/page.tsx [Server Component]

  Client Component SSR:
    ./lib/game-engine/bot.ts [Client Component SSR]
    ./hooks/useGameTurn.ts [Client Component SSR]
    ./app/(game)/room/[code]/page.tsx [Client Component SSR]
    ./app/(game)/room/[code]/page.tsx [Server Component]
[LOG] console.clear
[LOG] ./lib/game-engine/bot.ts:439:5
Return statement is not allowed here
  437 |     });
  438 |
> 439 |     return { newCash: c, newBonds: b, newStocks: s };
      |     ^^^^^^^^^^^^^^^^^^^^^^^^^^^^^^^^^^^^^^^^^^^^^^^^^
  440 | }
  441 |
  442 | function getRichestOpponent(state: GameState, botIdx: number) {

Parsing ecmascript source code failed

Import traces:
  Client Component Browser:
    ./lib/game-engine/bot.ts [Client Component Browser]
    ./hooks/useGameTurn.ts [Client Component Browser]
    ./app/(game)/room/[code]/page.tsx [Client Component Browser]
    ./app/(game)/room/[code]/page.tsx [Server Component]

  Client Component SSR:
    ./lib/game-engine/bot.ts [Client Component SSR]
    ./hooks/useGameTurn.ts [Client Component SSR]
    ./app/(game)/room/[code]/page.tsx [Client Component SSR]
    ./app/(game)/room/[code]/page.tsx [Server Component]
[LOG] console.clear
[LOG] ./lib/game-engine/bot.ts:439:5
Return statement is not allowed here
  437 |     });
  438 |
> 439 |     return { newCash: c, newBonds: b, newStocks: s };
      |     ^^^^^^^^^^^^^^^^^^^^^^^^^^^^^^^^^^^^^^^^^^^^^^^^^
  440 | }
  441 |
  442 | function getRichestOpponent(state: GameState, botIdx: number) {

Parsing ecmascript source code failed

Import traces:
  Client Component Browser:
    ./lib/game-engine/bot.ts [Client Component Browser]
    ./hooks/useGameTurn.ts [Client Component Browser]
    ./app/(game)/room/[code]/page.tsx [Client Component Browser]
    ./app/(game)/room/[code]/page.tsx [Server Component]

  Client Component SSR:
    ./lib/game-engine/bot.ts [Client Component SSR]
    ./hooks/useGameTurn.ts [Client Component SSR]
    ./app/(game)/room/[code]/page.tsx [Client Component SSR]
    ./app/(game)/room/[code]/page.tsx [Server Component]
[LOG] console.clear
[LOG] ./lib/game-engine/bot.ts:439:5
Return statement is not allowed here
  437 |     });
  438 |
> 439 |     return { newCash: c, newBonds: b, newStocks: s };
      |     ^^^^^^^^^^^^^^^^^^^^^^^^^^^^^^^^^^^^^^^^^^^^^^^^^
  440 | }
  441 |
  442 | function getRichestOpponent(state: GameState, botIdx: number) {

Parsing ecmascript source code failed

Import traces:
  Client Component Browser:
    ./lib/game-engine/bot.ts [Client Component Browser]
    ./hooks/useGameTurn.ts [Client Component Browser]
    ./app/(game)/room/[code]/page.tsx [Client Component Browser]
    ./app/(game)/room/[code]/page.tsx [Server Component]

  Client Component SSR:
    ./lib/game-engine/bot.ts [Client Component SSR]
    ./hooks/useGameTurn.ts [Client Component SSR]
    ./app/(game)/room/[code]/page.tsx [Client Component SSR]
    ./app/(game)/room/[code]/page.tsx [Server Component]
[LOG] console.clear
[LOG] ./lib/game-engine/bot.ts:439:5
Return statement is not allowed here
  437 |     });
  438 |
> 439 |     return { newCash: c, newBonds: b, newStocks: s };
      |     ^^^^^^^^^^^^^^^^^^^^^^^^^^^^^^^^^^^^^^^^^^^^^^^^^
  440 | }
  441 |
  442 | function getRichestOpponent(state: GameState, botIdx: number) {

Parsing ecmascript source code failed

Import traces:
  Client Component Browser:
    ./lib/game-engine/bot.ts [Client Component Browser]
    ./hooks/useGameTurn.ts [Client Component Browser]
    ./app/(game)/room/[code]/page.tsx [Client Component Browser]
    ./app/(game)/room/[code]/page.tsx [Server Component]

  Client Component SSR:
    ./lib/game-engine/bot.ts [Client Component SSR]
    ./hooks/useGameTurn.ts [Client Component SSR]
    ./app/(game)/room/[code]/page.tsx [Client Component SSR]
    ./app/(game)/room/[code]/page.tsx [Server Component]
[LOG] console.clear
[LOG] ./lib/game-engine/bot.ts:439:5
Return statement is not allowed here
  437 |     });
  438 |
> 439 |     return { newCash: c, newBonds: b, newStocks: s };
      |     ^^^^^^^^^^^^^^^^^^^^^^^^^^^^^^^^^^^^^^^^^^^^^^^^^
  440 | }
  441 |
  442 | function getRichestOpponent(state: GameState, botIdx: number) {

Parsing ecmascript source code failed

Import traces:
  Client Component Browser:
    ./lib/game-engine/bot.ts [Client Component Browser]
    ./hooks/useGameTurn.ts [Client Component Browser]
    ./app/(game)/room/[code]/page.tsx [Client Component Browser]
    ./app/(game)/room/[code]/page.tsx [Server Component]

  Client Component SSR:
    ./lib/game-engine/bot.ts [Client Component SSR]
    ./hooks/useGameTurn.ts [Client Component SSR]
    ./app/(game)/room/[code]/page.tsx [Client Component SSR]
    ./app/(game)/room/[code]/page.tsx [Server Component]
[LOG] console.clear
[LOG] ./lib/game-engine/bot.ts:439:5
Return statement is not allowed here
  437 |     });
  438 |
> 439 |     return { newCash: c, newBonds: b, newStocks: s };
      |     ^^^^^^^^^^^^^^^^^^^^^^^^^^^^^^^^^^^^^^^^^^^^^^^^^
  440 | }
  441 |
  442 | function getRichestOpponent(state: GameState, botIdx: number) {

Parsing ecmascript source code failed

Import traces:
  Client Component Browser:
    ./lib/game-engine/bot.ts [Client Component Browser]
    ./hooks/useGameTurn.ts [Client Component Browser]
    ./app/(game)/room/[code]/page.tsx [Client Component Browser]
    ./app/(game)/room/[code]/page.tsx [Server Component]

  Client Component SSR:
    ./lib/game-engine/bot.ts [Client Component SSR]
    ./hooks/useGameTurn.ts [Client Component SSR]
    ./app/(game)/room/[code]/page.tsx [Client Component SSR]
    ./app/(game)/room/[code]/page.tsx [Server Component]
[LOG] console.clear
[LOG] ./lib/game-engine/bot.ts:439:5
Return statement is not allowed here
  437 |     });
  438 |
> 439 |     return { newCash: c, newBonds: b, newStocks: s };
      |     ^^^^^^^^^^^^^^^^^^^^^^^^^^^^^^^^^^^^^^^^^^^^^^^^^
  440 | }
  441 |
  442 | function getRichestOpponent(state: GameState, botIdx: number) {

Parsing ecmascript source code failed

Import traces:
  Client Component Browser:
    ./lib/game-engine/bot.ts [Client Component Browser]
    ./hooks/useGameTurn.ts [Client Component Browser]
    ./app/(game)/room/[code]/page.tsx [Client Component Browser]
    ./app/(game)/room/[code]/page.tsx [Server Component]

  Client Component SSR:
    ./lib/game-engine/bot.ts [Client Component SSR]
    ./hooks/useGameTurn.ts [Client Component SSR]
    ./app/(game)/room/[code]/page.tsx [Client Component SSR]
    ./app/(game)/room/[code]/page.tsx [Server Component]
[LOG] console.clear
[LOG] ./lib/game-engine/bot.ts:439:5
Return statement is not allowed here
  437 |     });
  438 |
> 439 |     return { newCash: c, newBonds: b, newStocks: s };
      |     ^^^^^^^^^^^^^^^^^^^^^^^^^^^^^^^^^^^^^^^^^^^^^^^^^
  440 | }
  441 |
  442 | function getRichestOpponent(state: GameState, botIdx: number) {

Parsing ecmascript source code failed

Import traces:
  Client Component Browser:
    ./lib/game-engine/bot.ts [Client Component Browser]
    ./hooks/useGameTurn.ts [Client Component Browser]
    ./app/(game)/room/[code]/page.tsx [Client Component Browser]
    ./app/(game)/room/[code]/page.tsx [Server Component]

  Client Component SSR:
    ./lib/game-engine/bot.ts [Client Component SSR]
    ./hooks/useGameTurn.ts [Client Component SSR]
    ./app/(game)/room/[code]/page.tsx [Client Component SSR]
    ./app/(game)/room/[code]/page.tsx [Server Component]
[LOG] console.clear
[LOG] ./lib/game-engine/bot.ts:439:5
Return statement is not allowed here
  437 |     });
  438 |
> 439 |     return { newCash: c, newBonds: b, newStocks: s };
      |     ^^^^^^^^^^^^^^^^^^^^^^^^^^^^^^^^^^^^^^^^^^^^^^^^^
  440 | }
  441 |
  442 | function getRichestOpponent(state: GameState, botIdx: number) {

Parsing ecmascript source code failed

Import traces:
  Client Component Browser:
    ./lib/game-engine/bot.ts [Client Component Browser]
    ./hooks/useGameTurn.ts [Client Component Browser]
    ./app/(game)/room/[code]/page.tsx [Client Component Browser]
    ./app/(game)/room/[code]/page.tsx [Server Component]

  Client Component SSR:
    ./lib/game-engine/bot.ts [Client Component SSR]
    ./hooks/useGameTurn.ts [Client Component SSR]
    ./app/(game)/room/[code]/page.tsx [Client Component SSR]
    ./app/(game)/room/[code]/page.tsx [Server Component]
[LOG] console.clear
[LOG] ./lib/game-engine/bot.ts:439:5
Return statement is not allowed here
  437 |     });
  438 |
> 439 |     return { newCash: c, newBonds: b, newStocks: s };
      |     ^^^^^^^^^^^^^^^^^^^^^^^^^^^^^^^^^^^^^^^^^^^^^^^^^
  440 | }
  441 |
  442 | function getRichestOpponent(state: GameState, botIdx: number) {

Parsing ecmascript source code failed

Import traces:
  Client Component Browser:
    ./lib/game-engine/bot.ts [Client Component Browser]
    ./hooks/useGameTurn.ts [Client Component Browser]
    ./app/(game)/room/[code]/page.tsx [Client Component Browser]
    ./app/(game)/room/[code]/page.tsx [Server Component]

  Client Component SSR:
    ./lib/game-engine/bot.ts [Client Component SSR]
    ./hooks/useGameTurn.ts [Client Component SSR]
    ./app/(game)/room/[code]/page.tsx [Client Component SSR]
    ./app/(game)/room/[code]/page.tsx [Server Component]
[LOG] console.clear
[LOG] ./lib/game-engine/bot.ts:439:5
Return statement is not allowed here
  437 |     });
  438 |
> 439 |     return { newCash: c, newBonds: b, newStocks: s };
      |     ^^^^^^^^^^^^^^^^^^^^^^^^^^^^^^^^^^^^^^^^^^^^^^^^^
  440 | }
  441 |
  442 | function getRichestOpponent(state: GameState, botIdx: number) {

Parsing ecmascript source code failed

Import traces:
  Client Component Browser:
    ./lib/game-engine/bot.ts [Client Component Browser]
    ./hooks/useGameTurn.ts [Client Component Browser]
    ./app/(game)/room/[code]/page.tsx [Client Component Browser]
    ./app/(game)/room/[code]/page.tsx [Server Component]

  Client Component SSR:
    ./lib/game-engine/bot.ts [Client Component SSR]
    ./hooks/useGameTurn.ts [Client Component SSR]
    ./app/(game)/room/[code]/page.tsx [Client Component SSR]
    ./app/(game)/room/[code]/page.tsx [Server Component]
[LOG] console.clear
[LOG] ./lib/game-engine/bot.ts:439:5
Return statement is not allowed here
  437 |     });
  438 |
> 439 |     return { newCash: c, newBonds: b, newStocks: s };
      |     ^^^^^^^^^^^^^^^^^^^^^^^^^^^^^^^^^^^^^^^^^^^^^^^^^
  440 | }
  441 |
  442 | function getRichestOpponent(state: GameState, botIdx: number) {

Parsing ecmascript source code failed

Import traces:
  Client Component Browser:
    ./lib/game-engine/bot.ts [Client Component Browser]
    ./hooks/useGameTurn.ts [Client Component Browser]
    ./app/(game)/room/[code]/page.tsx [Client Component Browser]
    ./app/(game)/room/[code]/page.tsx [Server Component]

  Client Component SSR:
    ./lib/game-engine/bot.ts [Client Component SSR]
    ./hooks/useGameTurn.ts [Client Component SSR]
    ./app/(game)/room/[code]/page.tsx [Client Component SSR]
    ./app/(game)/room/[code]/page.tsx [Server Component]
[LOG] console.clear
[LOG] ./lib/game-engine/bot.ts:439:5
Return statement is not allowed here
  437 |     });
  438 |
> 439 |     return { newCash: c, newBonds: b, newStocks: s };
      |     ^^^^^^^^^^^^^^^^^^^^^^^^^^^^^^^^^^^^^^^^^^^^^^^^^
  440 | }
  441 |
  442 | function getRichestOpponent(state: GameState, botIdx: number) {

Parsing ecmascript source code failed

Import traces:
  Client Component Browser:
    ./lib/game-engine/bot.ts [Client Component Browser]
    ./hooks/useGameTurn.ts [Client Component Browser]
    ./app/(game)/room/[code]/page.tsx [Client Component Browser]
    ./app/(game)/room/[code]/page.tsx [Server Component]

  Client Component SSR:
    ./lib/game-engine/bot.ts [Client Component SSR]
    ./hooks/useGameTurn.ts [Client Component SSR]
    ./app/(game)/room/[code]/page.tsx [Client Component SSR]
    ./app/(game)/room/[code]/page.tsx [Server Component]
[LOG] console.clear
[LOG] ./lib/game-engine/bot.ts:439:5
Return statement is not allowed here
  437 |     });
  438 |
> 439 |     return { newCash: c, newBonds: b, newStocks: s };
      |     ^^^^^^^^^^^^^^^^^^^^^^^^^^^^^^^^^^^^^^^^^^^^^^^^^
  440 | }
  441 |
  442 | function getRichestOpponent(state: GameState, botIdx: number) {

Parsing ecmascript source code failed

Import traces:
  Client Component Browser:
    ./lib/game-engine/bot.ts [Client Component Browser]
    ./hooks/useGameTurn.ts [Client Component Browser]
    ./app/(game)/room/[code]/page.tsx [Client Component Browser]
    ./app/(game)/room/[code]/page.tsx [Server Component]

  Client Component SSR:
    ./lib/game-engine/bot.ts [Client Component SSR]
    ./hooks/useGameTurn.ts [Client Component SSR]
    ./app/(game)/room/[code]/page.tsx [Client Component SSR]
    ./app/(game)/room/[code]/page.tsx [Server Component]
[LOG] console.clear
[LOG] ./lib/game-engine/bot.ts:439:5
Return statement is not allowed here
  437 |     });
  438 |
> 439 |     return { newCash: c, newBonds: b, newStocks: s };
      |     ^^^^^^^^^^^^^^^^^^^^^^^^^^^^^^^^^^^^^^^^^^^^^^^^^
  440 | }
  441 |
  442 | function getRichestOpponent(state: GameState, botIdx: number) {

Parsing ecmascript source code failed

Import traces:
  Client Component Browser:
    ./lib/game-engine/bot.ts [Client Component Browser]
    ./hooks/useGameTurn.ts [Client Component Browser]
    ./app/(game)/room/[code]/page.tsx [Client Component Browser]
    ./app/(game)/room/[code]/page.tsx [Server Component]

  Client Component SSR:
    ./lib/game-engine/bot.ts [Client Component SSR]
    ./hooks/useGameTurn.ts [Client Component SSR]
    ./app/(game)/room/[code]/page.tsx [Client Component SSR]
    ./app/(game)/room/[code]/page.tsx [Server Component]
[LOG] console.clear
[LOG] ./lib/game-engine/bot.ts:439:5
Return statement is not allowed here
  437 |     });
  438 |
> 439 |     return { newCash: c, newBonds: b, newStocks: s };
      |     ^^^^^^^^^^^^^^^^^^^^^^^^^^^^^^^^^^^^^^^^^^^^^^^^^
  440 | }
  441 |
  442 | function getRichestOpponent(state: GameState, botIdx: number) {

Parsing ecmascript source code failed

Import traces:
  Client Component Browser:
    ./lib/game-engine/bot.ts [Client Component Browser]
    ./hooks/useGameTurn.ts [Client Component Browser]
    ./app/(game)/room/[code]/page.tsx [Client Component Browser]
    ./app/(game)/room/[code]/page.tsx [Server Component]

  Client Component SSR:
    ./lib/game-engine/bot.ts [Client Component SSR]
    ./hooks/useGameTurn.ts [Client Component SSR]
    ./app/(game)/room/[code]/page.tsx [Client Component SSR]
    ./app/(game)/room/[code]/page.tsx [Server Component]
[LOG] console.clear
[LOG] ./lib/game-engine/bot.ts:439:5
Return statement is not allowed here
  437 |     });
  438 |
> 439 |     return { newCash: c, newBonds: b, newStocks: s };
      |     ^^^^^^^^^^^^^^^^^^^^^^^^^^^^^^^^^^^^^^^^^^^^^^^^^
  440 | }
  441 |
  442 | function getRichestOpponent(state: GameState, botIdx: number) {

Parsing ecmascript source code failed

Import traces:
  Client Component Browser:
    ./lib/game-engine/bot.ts [Client Component Browser]
    ./hooks/useGameTurn.ts [Client Component Browser]
    ./app/(game)/room/[code]/page.tsx [Client Component Browser]
    ./app/(game)/room/[code]/page.tsx [Server Component]

  Client Component SSR:
    ./lib/game-engine/bot.ts [Client Component SSR]
    ./hooks/useGameTurn.ts [Client Component SSR]
    ./app/(game)/room/[code]/page.tsx [Client Component SSR]
    ./app/(game)/room/[code]/page.tsx [Server Component]
[LOG] console.clear
[LOG] ./lib/game-engine/bot.ts:439:5
Return statement is not allowed here
  437 |     });
  438 |
> 439 |     return { newCash: c, newBonds: b, newStocks: s };
      |     ^^^^^^^^^^^^^^^^^^^^^^^^^^^^^^^^^^^^^^^^^^^^^^^^^
  440 | }
  441 |
  442 | function getRichestOpponent(state: GameState, botIdx: number) {

Parsing ecmascript source code failed

Import traces:
  Client Component Browser:
    ./lib/game-engine/bot.ts [Client Component Browser]
    ./hooks/useGameTurn.ts [Client Component Browser]
    ./app/(game)/room/[code]/page.tsx [Client Component Browser]
    ./app/(game)/room/[code]/page.tsx [Server Component]

  Client Component SSR:
    ./lib/game-engine/bot.ts [Client Component SSR]
    ./hooks/useGameTurn.ts [Client Component SSR]
    ./app/(game)/room/[code]/page.tsx [Client Component SSR]
    ./app/(game)/room/[code]/page.tsx [Server Component]
[LOG] console.clear
[LOG] ./lib/game-engine/bot.ts:439:5
Return statement is not allowed here
  437 |     });
  438 |
> 439 |     return { newCash: c, newBonds: b, newStocks: s };
      |     ^^^^^^^^^^^^^^^^^^^^^^^^^^^^^^^^^^^^^^^^^^^^^^^^^
  440 | }
  441 |
  442 | function getRichestOpponent(state: GameState, botIdx: number) {

Parsing ecmascript source code failed

Import traces:
  Client Component Browser:
    ./lib/game-engine/bot.ts [Client Component Browser]
    ./hooks/useGameTurn.ts [Client Component Browser]
    ./app/(game)/room/[code]/page.tsx [Client Component Browser]
    ./app/(game)/room/[code]/page.tsx [Server Component]

  Client Component SSR:
    ./lib/game-engine/bot.ts [Client Component SSR]
    ./hooks/useGameTurn.ts [Client Component SSR]
    ./app/(game)/room/[code]/page.tsx [Client Component SSR]
    ./app/(game)/room/[code]/page.tsx [Server Component]
[LOG] console.clear
[LOG] ./lib/game-engine/bot.ts:439:5
Return statement is not allowed here
  437 |     });
  438 |
> 439 |     return { newCash: c, newBonds: b, newStocks: s };
      |     ^^^^^^^^^^^^^^^^^^^^^^^^^^^^^^^^^^^^^^^^^^^^^^^^^
  440 | }
  441 |
  442 | function getRichestOpponent(state: GameState, botIdx: number) {

Parsing ecmascript source code failed

Import traces:
  Client Component Browser:
    ./lib/game-engine/bot.ts [Client Component Browser]
    ./hooks/useGameTurn.ts [Client Component Browser]
    ./app/(game)/room/[code]/page.tsx [Client Component Browser]
    ./app/(game)/room/[code]/page.tsx [Server Component]

  Client Component SSR:
    ./lib/game-engine/bot.ts [Client Component SSR]
    ./hooks/useGameTurn.ts [Client Component SSR]
    ./app/(game)/room/[code]/page.tsx [Client Component SSR]
    ./app/(game)/room/[code]/page.tsx [Server Component]
[LOG] console.clear
[LOG] ./lib/game-engine/bot.ts:439:5
Return statement is not allowed here
  437 |     });
  438 |
> 439 |     return { newCash: c, newBonds: b, newStocks: s };
      |     ^^^^^^^^^^^^^^^^^^^^^^^^^^^^^^^^^^^^^^^^^^^^^^^^^
  440 | }
  441 |
  442 | function getRichestOpponent(state: GameState, botIdx: number) {

Parsing ecmascript source code failed

Import traces:
  Client Component Browser:
    ./lib/game-engine/bot.ts [Client Component Browser]
    ./hooks/useGameTurn.ts [Client Component Browser]
    ./app/(game)/room/[code]/page.tsx [Client Component Browser]
    ./app/(game)/room/[code]/page.tsx [Server Component]

  Client Component SSR:
    ./lib/game-engine/bot.ts [Client Component SSR]
    ./hooks/useGameTurn.ts [Client Component SSR]
    ./app/(game)/room/[code]/page.tsx [Client Component SSR]
    ./app/(game)/room/[code]/page.tsx [Server Component]
[LOG] console.clear
[LOG] ./lib/game-engine/bot.ts:439:5
Return statement is not allowed here
  437 |     });
  438 |
> 439 |     return { newCash: c, newBonds: b, newStocks: s };
      |     ^^^^^^^^^^^^^^^^^^^^^^^^^^^^^^^^^^^^^^^^^^^^^^^^^
  440 | }
  441 |
  442 | function getRichestOpponent(state: GameState, botIdx: number) {

Parsing ecmascript source code failed

Import traces:
  Client Component Browser:
    ./lib/game-engine/bot.ts [Client Component Browser]
    ./hooks/useGameTurn.ts [Client Component Browser]
    ./app/(game)/room/[code]/page.tsx [Client Component Browser]
    ./app/(game)/room/[code]/page.tsx [Server Component]

  Client Component SSR:
    ./lib/game-engine/bot.ts [Client Component SSR]
    ./hooks/useGameTurn.ts [Client Component SSR]
    ./app/(game)/room/[code]/page.tsx [Client Component SSR]
    ./app/(game)/room/[code]/page.tsx [Server Component]
[LOG] console.clear
[LOG] ./lib/game-engine/bot.ts:439:5
Return statement is not allowed here
  437 |     });
  438 |
> 439 |     return { newCash: c, newBonds: b, newStocks: s };
      |     ^^^^^^^^^^^^^^^^^^^^^^^^^^^^^^^^^^^^^^^^^^^^^^^^^
  440 | }
  441 |
  442 | function getRichestOpponent(state: GameState, botIdx: number) {

Parsing ecmascript source code failed

Import traces:
  Client Component Browser:
    ./lib/game-engine/bot.ts [Client Component Browser]
    ./hooks/useGameTurn.ts [Client Component Browser]
    ./app/(game)/room/[code]/page.tsx [Client Component Browser]
    ./app/(game)/room/[code]/page.tsx [Server Component]

  Client Component SSR:
    ./lib/game-engine/bot.ts [Client Component SSR]
    ./hooks/useGameTurn.ts [Client Component SSR]
    ./app/(game)/room/[code]/page.tsx [Client Component SSR]
    ./app/(game)/room/[code]/page.tsx [Server Component]
[LOG] console.clear
[LOG] ./lib/game-engine/bot.ts:439:5
Return statement is not allowed here
  437 |     });
  438 |
> 439 |     return { newCash: c, newBonds: b, newStocks: s };
      |     ^^^^^^^^^^^^^^^^^^^^^^^^^^^^^^^^^^^^^^^^^^^^^^^^^
  440 | }
  441 |
  442 | function getRichestOpponent(state: GameState, botIdx: number) {

Parsing ecmascript source code failed

Import traces:
  Client Component Browser:
    ./lib/game-engine/bot.ts [Client Component Browser]
    ./hooks/useGameTurn.ts [Client Component Browser]
    ./app/(game)/room/[code]/page.tsx [Client Component Browser]
    ./app/(game)/room/[code]/page.tsx [Server Component]

  Client Component SSR:
    ./lib/game-engine/bot.ts [Client Component SSR]
    ./hooks/useGameTurn.ts [Client Component SSR]
    ./app/(game)/room/[code]/page.tsx [Client Component SSR]
    ./app/(game)/room/[code]/page.tsx [Server Component]
[LOG] console.clear
[LOG] ./lib/game-engine/bot.ts:439:5
Return statement is not allowed here
  437 |     });
  438 |
> 439 |     return { newCash: c, newBonds: b, newStocks: s };
      |     ^^^^^^^^^^^^^^^^^^^^^^^^^^^^^^^^^^^^^^^^^^^^^^^^^
  440 | }
  441 |
  442 | function getRichestOpponent(state: GameState, botIdx: number) {

Parsing ecmascript source code failed

Import traces:
  Client Component Browser:
    ./lib/game-engine/bot.ts [Client Component Browser]
    ./hooks/useGameTurn.ts [Client Component Browser]
    ./app/(game)/room/[code]/page.tsx [Client Component Browser]
    ./app/(game)/room/[code]/page.tsx [Server Component]

  Client Component SSR:
    ./lib/game-engine/bot.ts [Client Component SSR]
    ./hooks/useGameTurn.ts [Client Component SSR]
    ./app/(game)/room/[code]/page.tsx [Client Component SSR]
    ./app/(game)/room/[code]/page.tsx [Server Component]
[LOG] console.clear
[LOG] ./lib/game-engine/bot.ts:439:5
Return statement is not allowed here
  437 |     });
  438 |
> 439 |     return { newCash: c, newBonds: b, newStocks: s };
      |     ^^^^^^^^^^^^^^^^^^^^^^^^^^^^^^^^^^^^^^^^^^^^^^^^^
  440 | }
  441 |
  442 | function getRichestOpponent(state: GameState, botIdx: number) {

Parsing ecmascript source code failed

Import traces:
  Client Component Browser:
    ./lib/game-engine/bot.ts [Client Component Browser]
    ./hooks/useGameTurn.ts [Client Component Browser]
    ./app/(game)/room/[code]/page.tsx [Client Component Browser]
    ./app/(game)/room/[code]/page.tsx [Server Component]

  Client Component SSR:
    ./lib/game-engine/bot.ts [Client Component SSR]
    ./hooks/useGameTurn.ts [Client Component SSR]
    ./app/(game)/room/[code]/page.tsx [Client Component SSR]
    ./app/(game)/room/[code]/page.tsx [Server Component]
[LOG] console.clear
[LOG] ./lib/game-engine/bot.ts:439:5
Return statement is not allowed here
  437 |     });
  438 |
> 439 |     return { newCash: c, newBonds: b, newStocks: s };
      |     ^^^^^^^^^^^^^^^^^^^^^^^^^^^^^^^^^^^^^^^^^^^^^^^^^
  440 | }
  441 |
  442 | function getRichestOpponent(state: GameState, botIdx: number) {

Parsing ecmascript source code failed

Import traces:
  Client Component Browser:
    ./lib/game-engine/bot.ts [Client Component Browser]
    ./hooks/useGameTurn.ts [Client Component Browser]
    ./app/(game)/room/[code]/page.tsx [Client Component Browser]
    ./app/(game)/room/[code]/page.tsx [Server Component]

  Client Component SSR:
    ./lib/game-engine/bot.ts [Client Component SSR]
    ./hooks/useGameTurn.ts [Client Component SSR]
    ./app/(game)/room/[code]/page.tsx [Client Component SSR]
    ./app/(game)/room/[code]/page.tsx [Server Component]
[LOG] console.clear
[LOG] ./lib/game-engine/bot.ts:439:5
Return statement is not allowed here
  437 |     });
  438 |
> 439 |     return { newCash: c, newBonds: b, newStocks: s };
      |     ^^^^^^^^^^^^^^^^^^^^^^^^^^^^^^^^^^^^^^^^^^^^^^^^^
  440 | }
  441 |
  442 | function getRichestOpponent(state: GameState, botIdx: number) {

Parsing ecmascript source code failed

Import traces:
  Client Component Browser:
    ./lib/game-engine/bot.ts [Client Component Browser]
    ./hooks/useGameTurn.ts [Client Component Browser]
    ./app/(game)/room/[code]/page.tsx [Client Component Browser]
    ./app/(game)/room/[code]/page.tsx [Server Component]

  Client Component SSR:
    ./lib/game-engine/bot.ts [Client Component SSR]
    ./hooks/useGameTurn.ts [Client Component SSR]
    ./app/(game)/room/[code]/page.tsx [Client Component SSR]
    ./app/(game)/room/[code]/page.tsx [Server Component]
[LOG] console.clear
[LOG] ./lib/game-engine/bot.ts:439:5
Return statement is not allowed here
  437 |     });
  438 |
> 439 |     return { newCash: c, newBonds: b, newStocks: s };
      |     ^^^^^^^^^^^^^^^^^^^^^^^^^^^^^^^^^^^^^^^^^^^^^^^^^
  440 | }
  441 |
  442 | function getRichestOpponent(state: GameState, botIdx: number) {

Parsing ecmascript source code failed

Import traces:
  Client Component Browser:
    ./lib/game-engine/bot.ts [Client Component Browser]
    ./hooks/useGameTurn.ts [Client Component Browser]
    ./app/(game)/room/[code]/page.tsx [Client Component Browser]
    ./app/(game)/room/[code]/page.tsx [Server Component]

  Client Component SSR:
    ./lib/game-engine/bot.ts [Client Component SSR]
    ./hooks/useGameTurn.ts [Client Component SSR]
    ./app/(game)/room/[code]/page.tsx [Client Component SSR]
    ./app/(game)/room/[code]/page.tsx [Server Component]
[LOG] console.clear
[LOG] ./lib/game-engine/bot.ts:439:5
Return statement is not allowed here
  437 |     });
  438 |
> 439 |     return { newCash: c, newBonds: b, newStocks: s };
      |     ^^^^^^^^^^^^^^^^^^^^^^^^^^^^^^^^^^^^^^^^^^^^^^^^^
  440 | }
  441 |
  442 | function getRichestOpponent(state: GameState, botIdx: number) {

Parsing ecmascript source code failed

Import traces:
  Client Component Browser:
    ./lib/game-engine/bot.ts [Client Component Browser]
    ./hooks/useGameTurn.ts [Client Component Browser]
    ./app/(game)/room/[code]/page.tsx [Client Component Browser]
    ./app/(game)/room/[code]/page.tsx [Server Component]

  Client Component SSR:
    ./lib/game-engine/bot.ts [Client Component SSR]
    ./hooks/useGameTurn.ts [Client Component SSR]
    ./app/(game)/room/[code]/page.tsx [Client Component SSR]
    ./app/(game)/room/[code]/page.tsx [Server Component]
[LOG] console.clear
[LOG] ./lib/game-engine/bot.ts:439:5
Return statement is not allowed here
  437 |     });
  438 |
> 439 |     return { newCash: c, newBonds: b, newStocks: s };
      |     ^^^^^^^^^^^^^^^^^^^^^^^^^^^^^^^^^^^^^^^^^^^^^^^^^
  440 | }
  441 |
  442 | function getRichestOpponent(state: GameState, botIdx: number) {

Parsing ecmascript source code failed

Import traces:
  Client Component Browser:
    ./lib/game-engine/bot.ts [Client Component Browser]
    ./hooks/useGameTurn.ts [Client Component Browser]
    ./app/(game)/room/[code]/page.tsx [Client Component Browser]
    ./app/(game)/room/[code]/page.tsx [Server Component]

  Client Component SSR:
    ./lib/game-engine/bot.ts [Client Component SSR]
    ./hooks/useGameTurn.ts [Client Component SSR]
    ./app/(game)/room/[code]/page.tsx [Client Component SSR]
    ./app/(game)/room/[code]/page.tsx [Server Component]
[LOG] console.clear
[LOG] ./lib/game-engine/bot.ts:439:5
Return statement is not allowed here
  437 |     });
  438 |
> 439 |     return { newCash: c, newBonds: b, newStocks: s };
      |     ^^^^^^^^^^^^^^^^^^^^^^^^^^^^^^^^^^^^^^^^^^^^^^^^^
  440 | }
  441 |
  442 | function getRichestOpponent(state: GameState, botIdx: number) {

Parsing ecmascript source code failed

Import traces:
  Client Component Browser:
    ./lib/game-engine/bot.ts [Client Component Browser]
    ./hooks/useGameTurn.ts [Client Component Browser]
    ./app/(game)/room/[code]/page.tsx [Client Component Browser]
    ./app/(game)/room/[code]/page.tsx [Server Component]

  Client Component SSR:
    ./lib/game-engine/bot.ts [Client Component SSR]
    ./hooks/useGameTurn.ts [Client Component SSR]
    ./app/(game)/room/[code]/page.tsx [Client Component SSR]
    ./app/(game)/room/[code]/page.tsx [Server Component]
[LOG] console.clear
[LOG] ./lib/game-engine/bot.ts:439:5
Return statement is not allowed here
  437 |     });
  438 |
> 439 |     return { newCash: c, newBonds: b, newStocks: s };
      |     ^^^^^^^^^^^^^^^^^^^^^^^^^^^^^^^^^^^^^^^^^^^^^^^^^
  440 | }
  441 |
  442 | function getRichestOpponent(state: GameState, botIdx: number) {

Parsing ecmascript source code failed

Import traces:
  Client Component Browser:
    ./lib/game-engine/bot.ts [Client Component Browser]
    ./hooks/useGameTurn.ts [Client Component Browser]
    ./app/(game)/room/[code]/page.tsx [Client Component Browser]
    ./app/(game)/room/[code]/page.tsx [Server Component]

  Client Component SSR:
    ./lib/game-engine/bot.ts [Client Component SSR]
    ./hooks/useGameTurn.ts [Client Component SSR]
    ./app/(game)/room/[code]/page.tsx [Client Component SSR]
    ./app/(game)/room/[code]/page.tsx [Server Component]
[LOG] console.clear
[LOG] ./lib/game-engine/bot.ts:439:5
Return statement is not allowed here
  437 |     });
  438 |
> 439 |     return { newCash: c, newBonds: b, newStocks: s };
      |     ^^^^^^^^^^^^^^^^^^^^^^^^^^^^^^^^^^^^^^^^^^^^^^^^^
  440 | }
  441 |
  442 | function getRichestOpponent(state: GameState, botIdx: number) {

Parsing ecmascript source code failed

Import traces:
  Client Component Browser:
    ./lib/game-engine/bot.ts [Client Component Browser]
    ./hooks/useGameTurn.ts [Client Component Browser]
    ./app/(game)/room/[code]/page.tsx [Client Component Browser]
    ./app/(game)/room/[code]/page.tsx [Server Component]

  Client Component SSR:
    ./lib/game-engine/bot.ts [Client Component SSR]
    ./hooks/useGameTurn.ts [Client Component SSR]
    ./app/(game)/room/[code]/page.tsx [Client Component SSR]
    ./app/(game)/room/[code]/page.tsx [Server Component]
[LOG] console.clear
[LOG] ./lib/game-engine/bot.ts:439:5
Return statement is not allowed here
  437 |     });
  438 |
> 439 |     return { newCash: c, newBonds: b, newStocks: s };
      |     ^^^^^^^^^^^^^^^^^^^^^^^^^^^^^^^^^^^^^^^^^^^^^^^^^
  440 | }
  441 |
  442 | function getRichestOpponent(state: GameState, botIdx: number) {

Parsing ecmascript source code failed

Import traces:
  Client Component Browser:
    ./lib/game-engine/bot.ts [Client Component Browser]
    ./hooks/useGameTurn.ts [Client Component Browser]
    ./app/(game)/room/[code]/page.tsx [Client Component Browser]
    ./app/(game)/room/[code]/page.tsx [Server Component]

  Client Component SSR:
    ./lib/game-engine/bot.ts [Client Component SSR]
    ./hooks/useGameTurn.ts [Client Component SSR]
    ./app/(game)/room/[code]/page.tsx [Client Component SSR]
    ./app/(game)/room/[code]/page.tsx [Server Component]
[LOG] console.clear
[LOG] ./lib/game-engine/bot.ts:439:5
Return statement is not allowed here
  437 |     });
  438 |
> 439 |     return { newCash: c, newBonds: b, newStocks: s };
      |     ^^^^^^^^^^^^^^^^^^^^^^^^^^^^^^^^^^^^^^^^^^^^^^^^^
  440 | }
  441 |
  442 | function getRichestOpponent(state: GameState, botIdx: number) {

Parsing ecmascript source code failed

Import traces:
  Client Component Browser:
    ./lib/game-engine/bot.ts [Client Component Browser]
    ./hooks/useGameTurn.ts [Client Component Browser]
    ./app/(game)/room/[code]/page.tsx [Client Component Browser]
    ./app/(game)/room/[code]/page.tsx [Server Component]

  Client Component SSR:
    ./lib/game-engine/bot.ts [Client Component SSR]
    ./hooks/useGameTurn.ts [Client Component SSR]
    ./app/(game)/room/[code]/page.tsx [Client Component SSR]
    ./app/(game)/room/[code]/page.tsx [Server Component]
[LOG] console.clear
[LOG] ./lib/game-engine/bot.ts:439:5
Return statement is not allowed here
  437 |     });
  438 |
> 439 |     return { newCash: c, newBonds: b, newStocks: s };
      |     ^^^^^^^^^^^^^^^^^^^^^^^^^^^^^^^^^^^^^^^^^^^^^^^^^
  440 | }
  441 |
  442 | function getRichestOpponent(state: GameState, botIdx: number) {

Parsing ecmascript source code failed

Import traces:
  Client Component Browser:
    ./lib/game-engine/bot.ts [Client Component Browser]
    ./hooks/useGameTurn.ts [Client Component Browser]
    ./app/(game)/room/[code]/page.tsx [Client Component Browser]
    ./app/(game)/room/[code]/page.tsx [Server Component]

  Client Component SSR:
    ./lib/game-engine/bot.ts [Client Component SSR]
    ./hooks/useGameTurn.ts [Client Component SSR]
    ./app/(game)/room/[code]/page.tsx [Client Component SSR]
    ./app/(game)/room/[code]/page.tsx [Server Component]
[LOG] console.clear
[LOG] ./lib/game-engine/bot.ts:439:5
Return statement is not allowed here
  437 |     });
  438 |
> 439 |     return { newCash: c, newBonds: b, newStocks: s };
      |     ^^^^^^^^^^^^^^^^^^^^^^^^^^^^^^^^^^^^^^^^^^^^^^^^^
  440 | }
  441 |
  442 | function getRichestOpponent(state: GameState, botIdx: number) {

Parsing ecmascript source code failed

Import traces:
  Client Component Browser:
    ./lib/game-engine/bot.ts [Client Component Browser]
    ./hooks/useGameTurn.ts [Client Component Browser]
    ./app/(game)/room/[code]/page.tsx [Client Component Browser]
    ./app/(game)/room/[code]/page.tsx [Server Component]

  Client Component SSR:
    ./lib/game-engine/bot.ts [Client Component SSR]
    ./hooks/useGameTurn.ts [Client Component SSR]
    ./app/(game)/room/[code]/page.tsx [Client Component SSR]
    ./app/(game)/room/[code]/page.tsx [Server Component]
[LOG] console.clear
[LOG] ./lib/game-engine/bot.ts:439:5
Return statement is not allowed here
  437 |     });
  438 |
> 439 |     return { newCash: c, newBonds: b, newStocks: s };
      |     ^^^^^^^^^^^^^^^^^^^^^^^^^^^^^^^^^^^^^^^^^^^^^^^^^
  440 | }
  441 |
  442 | function getRichestOpponent(state: GameState, botIdx: number) {

Parsing ecmascript source code failed

Import traces:
  Client Component Browser:
    ./lib/game-engine/bot.ts [Client Component Browser]
    ./hooks/useGameTurn.ts [Client Component Browser]
    ./app/(game)/room/[code]/page.tsx [Client Component Browser]
    ./app/(game)/room/[code]/page.tsx [Server Component]

  Client Component SSR:
    ./lib/game-engine/bot.ts [Client Component SSR]
    ./hooks/useGameTurn.ts [Client Component SSR]
    ./app/(game)/room/[code]/page.tsx [Client Component SSR]
    ./app/(game)/room/[code]/page.tsx [Server Component]
[LOG] console.clear
[LOG] ./lib/game-engine/bot.ts:439:5
Return statement is not allowed here
  437 |     });
  438 |
> 439 |     return { newCash: c, newBonds: b, newStocks: s };
      |     ^^^^^^^^^^^^^^^^^^^^^^^^^^^^^^^^^^^^^^^^^^^^^^^^^
  440 | }
  441 |
  442 | function getRichestOpponent(state: GameState, botIdx: number) {

Parsing ecmascript source code failed

Import traces:
  Client Component Browser:
    ./lib/game-engine/bot.ts [Client Component Browser]
    ./hooks/useGameTurn.ts [Client Component Browser]
    ./app/(game)/room/[code]/page.tsx [Client Component Browser]
    ./app/(game)/room/[code]/page.tsx [Server Component]

  Client Component SSR:
    ./lib/game-engine/bot.ts [Client Component SSR]
    ./hooks/useGameTurn.ts [Client Component SSR]
    ./app/(game)/room/[code]/page.tsx [Client Component SSR]
    ./app/(game)/room/[code]/page.tsx [Server Component]
[LOG] console.clear
[LOG] ./lib/game-engine/bot.ts:439:5
Return statement is not allowed here
  437 |     });
  438 |
> 439 |     return { newCash: c, newBonds: b, newStocks: s };
      |     ^^^^^^^^^^^^^^^^^^^^^^^^^^^^^^^^^^^^^^^^^^^^^^^^^
  440 | }
  441 |
  442 | function getRichestOpponent(state: GameState, botIdx: number) {

Parsing ecmascript source code failed

Import traces:
  Client Component Browser:
    ./lib/game-engine/bot.ts [Client Component Browser]
    ./hooks/useGameTurn.ts [Client Component Browser]
    ./app/(game)/room/[code]/page.tsx [Client Component Browser]
    ./app/(game)/room/[code]/page.tsx [Server Component]

  Client Component SSR:
    ./lib/game-engine/bot.ts [Client Component SSR]
    ./hooks/useGameTurn.ts [Client Component SSR]
    ./app/(game)/room/[code]/page.tsx [Client Component SSR]
    ./app/(game)/room/[code]/page.tsx [Server Component]
[LOG] console.clear
[LOG] ./lib/game-engine/bot.ts:439:5
Return statement is not allowed here
  437 |     });
  438 |
> 439 |     return { newCash: c, newBonds: b, newStocks: s };
      |     ^^^^^^^^^^^^^^^^^^^^^^^^^^^^^^^^^^^^^^^^^^^^^^^^^
  440 | }
  441 |
  442 | function getRichestOpponent(state: GameState, botIdx: number) {

Parsing ecmascript source code failed

Import traces:
  Client Component Browser:
    ./lib/game-engine/bot.ts [Client Component Browser]
    ./hooks/useGameTurn.ts [Client Component Browser]
    ./app/(game)/room/[code]/page.tsx [Client Component Browser]
    ./app/(game)/room/[code]/page.tsx [Server Component]

  Client Component SSR:
    ./lib/game-engine/bot.ts [Client Component SSR]
    ./hooks/useGameTurn.ts [Client Component SSR]
    ./app/(game)/room/[code]/page.tsx [Client Component SSR]
    ./app/(game)/room/[code]/page.tsx [Server Component]
[LOG] console.clear
[LOG] ./lib/game-engine/bot.ts:439:5
Return statement is not allowed here
  437 |     });
  438 |
> 439 |     return { newCash: c, newBonds: b, newStocks: s };
      |     ^^^^^^^^^^^^^^^^^^^^^^^^^^^^^^^^^^^^^^^^^^^^^^^^^
  440 | }
  441 |
  442 | function getRichestOpponent(state: GameState, botIdx: number) {

Parsing ecmascript source code failed

Import traces:
  Client Component Browser:
    ./lib/game-engine/bot.ts [Client Component Browser]
    ./hooks/useGameTurn.ts [Client Component Browser]
    ./app/(game)/room/[code]/page.tsx [Client Component Browser]
    ./app/(game)/room/[code]/page.tsx [Server Component]

  Client Component SSR:
    ./lib/game-engine/bot.ts [Client Component SSR]
    ./hooks/useGameTurn.ts [Client Component SSR]
    ./app/(game)/room/[code]/page.tsx [Client Component SSR]
    ./app/(game)/room/[code]/page.tsx [Server Component]
[LOG] console.clear
[LOG] ./lib/game-engine/bot.ts:439:5
Return statement is not allowed here
  437 |     });
  438 |
> 439 |     return { newCash: c, newBonds: b, newStocks: s };
      |     ^^^^^^^^^^^^^^^^^^^^^^^^^^^^^^^^^^^^^^^^^^^^^^^^^
  440 | }
  441 |
  442 | function getRichestOpponent(state: GameState, botIdx: number) {

Parsing ecmascript source code failed

Import traces:
  Client Component Browser:
    ./lib/game-engine/bot.ts [Client Component Browser]
    ./hooks/useGameTurn.ts [Client Component Browser]
    ./app/(game)/room/[code]/page.tsx [Client Component Browser]
    ./app/(game)/room/[code]/page.tsx [Server Component]

  Client Component SSR:
    ./lib/game-engine/bot.ts [Client Component SSR]
    ./hooks/useGameTurn.ts [Client Component SSR]
    ./app/(game)/room/[code]/page.tsx [Client Component SSR]
    ./app/(game)/room/[code]/page.tsx [Server Component]
[LOG] console.clear
[LOG] ./lib/game-engine/bot.ts:439:5
Return statement is not allowed here
  437 |     });
  438 |
> 439 |     return { newCash: c, newBonds: b, newStocks: s };
      |     ^^^^^^^^^^^^^^^^^^^^^^^^^^^^^^^^^^^^^^^^^^^^^^^^^
  440 | }
  441 |
  442 | function getRichestOpponent(state: GameState, botIdx: number) {

Parsing ecmascript source code failed

Import traces:
  Client Component Browser:
    ./lib/game-engine/bot.ts [Client Component Browser]
    ./hooks/useGameTurn.ts [Client Component Browser]
    ./app/(game)/room/[code]/page.tsx [Client Component Browser]
    ./app/(game)/room/[code]/page.tsx [Server Component]

  Client Component SSR:
    ./lib/game-engine/bot.ts [Client Component SSR]
    ./hooks/useGameTurn.ts [Client Component SSR]
    ./app/(game)/room/[code]/page.tsx [Client Component SSR]
    ./app/(game)/room/[code]/page.tsx [Server Component]
[LOG] console.clear
[LOG] ./lib/game-engine/bot.ts:439:5
Return statement is not allowed here
  437 |     });
  438 |
> 439 |     return { newCash: c, newBonds: b, newStocks: s };
      |     ^^^^^^^^^^^^^^^^^^^^^^^^^^^^^^^^^^^^^^^^^^^^^^^^^
  440 | }
  441 |
  442 | function getRichestOpponent(state: GameState, botIdx: number) {

Parsing ecmascript source code failed

Import traces:
  Client Component Browser:
    ./lib/game-engine/bot.ts [Client Component Browser]
    ./hooks/useGameTurn.ts [Client Component Browser]
    ./app/(game)/room/[code]/page.tsx [Client Component Browser]
    ./app/(game)/room/[code]/page.tsx [Server Component]

  Client Component SSR:
    ./lib/game-engine/bot.ts [Client Component SSR]
    ./hooks/useGameTurn.ts [Client Component SSR]
    ./app/(game)/room/[code]/page.tsx [Client Component SSR]
    ./app/(game)/room/[code]/page.tsx [Server Component]
[LOG] console.clear
[LOG] ./lib/game-engine/bot.ts:439:5
Return statement is not allowed here
  437 |     });
  438 |
> 439 |     return { newCash: c, newBonds: b, newStocks: s };
      |     ^^^^^^^^^^^^^^^^^^^^^^^^^^^^^^^^^^^^^^^^^^^^^^^^^
  440 | }
  441 |
  442 | function getRichestOpponent(state: GameState, botIdx: number) {

Parsing ecmascript source code failed

Import traces:
  Client Component Browser:
    ./lib/game-engine/bot.ts [Client Component Browser]
    ./hooks/useGameTurn.ts [Client Component Browser]
    ./app/(game)/room/[code]/page.tsx [Client Component Browser]
    ./app/(game)/room/[code]/page.tsx [Server Component]

  Client Component SSR:
    ./lib/game-engine/bot.ts [Client Component SSR]
    ./hooks/useGameTurn.ts [Client Component SSR]
    ./app/(game)/room/[code]/page.tsx [Client Component SSR]
    ./app/(game)/room/[code]/page.tsx [Server Component]
[LOG] console.clear
[LOG] ./lib/game-engine/bot.ts:439:5
Return statement is not allowed here
  437 |     });
  438 |
> 439 |     return { newCash: c, newBonds: b, newStocks: s };
      |     ^^^^^^^^^^^^^^^^^^^^^^^^^^^^^^^^^^^^^^^^^^^^^^^^^
  440 | }
  441 |
  442 | function getRichestOpponent(state: GameState, botIdx: number) {

Parsing ecmascript source code failed

Import traces:
  Client Component Browser:
    ./lib/game-engine/bot.ts [Client Component Browser]
    ./hooks/useGameTurn.ts [Client Component Browser]
    ./app/(game)/room/[code]/page.tsx [Client Component Browser]
    ./app/(game)/room/[code]/page.tsx [Server Component]

  Client Component SSR:
    ./lib/game-engine/bot.ts [Client Component SSR]
    ./hooks/useGameTurn.ts [Client Component SSR]
    ./app/(game)/room/[code]/page.tsx [Client Component SSR]
    ./app/(game)/room/[code]/page.tsx [Server Component]
[LOG] console.clear
[LOG] ./lib/game-engine/bot.ts:439:5
Return statement is not allowed here
  437 |     });
  438 |
> 439 |     return { newCash: c, newBonds: b, newStocks: s };
      |     ^^^^^^^^^^^^^^^^^^^^^^^^^^^^^^^^^^^^^^^^^^^^^^^^^
  440 | }
  441 |
  442 | function getRichestOpponent(state: GameState, botIdx: number) {

Parsing ecmascript source code failed

Import traces:
  Client Component Browser:
    ./lib/game-engine/bot.ts [Client Component Browser]
    ./hooks/useGameTurn.ts [Client Component Browser]
    ./app/(game)/room/[code]/page.tsx [Client Component Browser]
    ./app/(game)/room/[code]/page.tsx [Server Component]

  Client Component SSR:
    ./lib/game-engine/bot.ts [Client Component SSR]
    ./hooks/useGameTurn.ts [Client Component SSR]
    ./app/(game)/room/[code]/page.tsx [Client Component SSR]
    ./app/(game)/room/[code]/page.tsx [Server Component]
[LOG] console.clear
[LOG] ./lib/game-engine/bot.ts:439:5
Return statement is not allowed here
  437 |     });
  438 |
> 439 |     return { newCash: c, newBonds: b, newStocks: s };
      |     ^^^^^^^^^^^^^^^^^^^^^^^^^^^^^^^^^^^^^^^^^^^^^^^^^
  440 | }
  441 |
  442 | function getRichestOpponent(state: GameState, botIdx: number) {

Parsing ecmascript source code failed

Import traces:
  Client Component Browser:
    ./lib/game-engine/bot.ts [Client Component Browser]
    ./hooks/useGameTurn.ts [Client Component Browser]
    ./app/(game)/room/[code]/page.tsx [Client Component Browser]
    ./app/(game)/room/[code]/page.tsx [Server Component]

  Client Component SSR:
    ./lib/game-engine/bot.ts [Client Component SSR]
    ./hooks/useGameTurn.ts [Client Component SSR]
    ./app/(game)/room/[code]/page.tsx [Client Component SSR]
    ./app/(game)/room/[code]/page.tsx [Server Component]
[LOG] console.clear
[LOG] ./lib/game-engine/bot.ts:439:5
Return statement is not allowed here
  437 |     });
  438 |
> 439 |     return { newCash: c, newBonds: b, newStocks: s };
      |     ^^^^^^^^^^^^^^^^^^^^^^^^^^^^^^^^^^^^^^^^^^^^^^^^^
  440 | }
  441 |
  442 | function getRichestOpponent(state: GameState, botIdx: number) {

Parsing ecmascript source code failed

Import traces:
  Client Component Browser:
    ./lib/game-engine/bot.ts [Client Component Browser]
    ./hooks/useGameTurn.ts [Client Component Browser]
    ./app/(game)/room/[code]/page.tsx [Client Component Browser]
    ./app/(game)/room/[code]/page.tsx [Server Component]

  Client Component SSR:
    ./lib/game-engine/bot.ts [Client Component SSR]
    ./hooks/useGameTurn.ts [Client Component SSR]
    ./app/(game)/room/[code]/page.tsx [Client Component SSR]
    ./app/(game)/room/[code]/page.tsx [Server Component]
[LOG] console.clear
[LOG] ./lib/game-engine/bot.ts:439:5
Return statement is not allowed here
  437 |     });
  438 |
> 439 |     return { newCash: c, newBonds: b, newStocks: s };
      |     ^^^^^^^^^^^^^^^^^^^^^^^^^^^^^^^^^^^^^^^^^^^^^^^^^
  440 | }
  441 |
  442 | function getRichestOpponent(state: GameState, botIdx: number) {

Parsing ecmascript source code failed

Import traces:
  Client Component Browser:
    ./lib/game-engine/bot.ts [Client Component Browser]
    ./hooks/useGameTurn.ts [Client Component Browser]
    ./app/(game)/room/[code]/page.tsx [Client Component Browser]
    ./app/(game)/room/[code]/page.tsx [Server Component]

  Client Component SSR:
    ./lib/game-engine/bot.ts [Client Component SSR]
    ./hooks/useGameTurn.ts [Client Component SSR]
    ./app/(game)/room/[code]/page.tsx [Client Component SSR]
    ./app/(game)/room/[code]/page.tsx [Server Component]
[LOG] console.clear
[LOG] ./lib/game-engine/bot.ts:439:5
Return statement is not allowed here
  437 |     });
  438 |
> 439 |     return { newCash: c, newBonds: b, newStocks: s };
      |     ^^^^^^^^^^^^^^^^^^^^^^^^^^^^^^^^^^^^^^^^^^^^^^^^^
  440 | }
  441 |
  442 | function getRichestOpponent(state: GameState, botIdx: number) {

Parsing ecmascript source code failed

Import traces:
  Client Component Browser:
    ./lib/game-engine/bot.ts [Client Component Browser]
    ./hooks/useGameTurn.ts [Client Component Browser]
    ./app/(game)/room/[code]/page.tsx [Client Component Browser]
    ./app/(game)/room/[code]/page.tsx [Server Component]

  Client Component SSR:
    ./lib/game-engine/bot.ts [Client Component SSR]
    ./hooks/useGameTurn.ts [Client Component SSR]
    ./app/(game)/room/[code]/page.tsx [Client Component SSR]
    ./app/(game)/room/[code]/page.tsx [Server Component]
[LOG] console.clear
[LOG] ./lib/game-engine/bot.ts:439:5
Return statement is not allowed here
  437 |     });
  438 |
> 439 |     return { newCash: c, newBonds: b, newStocks: s };
      |     ^^^^^^^^^^^^^^^^^^^^^^^^^^^^^^^^^^^^^^^^^^^^^^^^^
  440 | }
  441 |
  442 | function getRichestOpponent(state: GameState, botIdx: number) {

Parsing ecmascript source code failed

Import traces:
  Client Component Browser:
    ./lib/game-engine/bot.ts [Client Component Browser]
    ./hooks/useGameTurn.ts [Client Component Browser]
    ./app/(game)/room/[code]/page.tsx [Client Component Browser]
    ./app/(game)/room/[code]/page.tsx [Server Component]

  Client Component SSR:
    ./lib/game-engine/bot.ts [Client Component SSR]
    ./hooks/useGameTurn.ts [Client Component SSR]
    ./app/(game)/room/[code]/page.tsx [Client Component SSR]
    ./app/(game)/room/[code]/page.tsx [Server Component]
[LOG] console.clear
[LOG] ./lib/game-engine/bot.ts:439:5
Return statement is not allowed here
  437 |     });
  438 |
> 439 |     return { newCash: c, newBonds: b, newStocks: s };
      |     ^^^^^^^^^^^^^^^^^^^^^^^^^^^^^^^^^^^^^^^^^^^^^^^^^
  440 | }
  441 |
  442 | function getRichestOpponent(state: GameState, botIdx: number) {

Parsing ecmascript source code failed

Import traces:
  Client Component Browser:
    ./lib/game-engine/bot.ts [Client Component Browser]
    ./hooks/useGameTurn.ts [Client Component Browser]
    ./app/(game)/room/[code]/page.tsx [Client Component Browser]
    ./app/(game)/room/[code]/page.tsx [Server Component]

  Client Component SSR:
    ./lib/game-engine/bot.ts [Client Component SSR]
    ./hooks/useGameTurn.ts [Client Component SSR]
    ./app/(game)/room/[code]/page.tsx [Client Component SSR]
    ./app/(game)/room/[code]/page.tsx [Server Component]
[LOG] [Fast Refresh] rebuilding
[LOG] console.clear
[LOG] ./lib/game-engine/bot.ts:439:5
Return statement is not allowed here
  437 |     });
  438 |
> 439 |     return { newCash: c, newBonds: b, newStocks: s };
      |     ^^^^^^^^^^^^^^^^^^^^^^^^^^^^^^^^^^^^^^^^^^^^^^^^^
  440 | }
  441 |
  442 | function getRichestOpponent(state: GameState, botIdx: number) {

Parsing ecmascript source code failed

Import traces:
  Client Component Browser:
    ./lib/game-engine/bot.ts [Client Component Browser]
    ./hooks/useGameTurn.ts [Client Component Browser]
    ./app/(game)/room/[code]/page.tsx [Client Component Browser]
    ./app/(game)/room/[code]/page.tsx [Server Component]

  Client Component SSR:
    ./lib/game-engine/bot.ts [Client Component SSR]
    ./hooks/useGameTurn.ts [Client Component SSR]
    ./app/(game)/room/[code]/page.tsx [Client Component SSR]
    ./app/(game)/room/[code]/page.tsx [Server Component]
[LOG] [Fast Refresh] rebuilding
[LOG] console.clear
[LOG] ./lib/game-engine/bot.ts:439:5
Return statement is not allowed here
  437 |     });
  438 |
> 439 |     return { newCash: c, newBonds: b, newStocks: s };
      |     ^^^^^^^^^^^^^^^^^^^^^^^^^^^^^^^^^^^^^^^^^^^^^^^^^
  440 | }
  441 |
  442 | function getRichestOpponent(state: GameState, botIdx: number) {

Parsing ecmascript source code failed

Import traces:
  Client Component Browser:
    ./lib/game-engine/bot.ts [Client Component Browser]
    ./hooks/useGameTurn.ts [Client Component Browser]
    ./app/(game)/room/[code]/page.tsx [Client Component Browser]
    ./app/(game)/room/[code]/page.tsx [Server Component]

  Client Component SSR:
    ./lib/game-engine/bot.ts [Client Component SSR]
    ./hooks/useGameTurn.ts [Client Component SSR]
    ./app/(game)/room/[code]/page.tsx [Client Component SSR]
    ./app/(game)/room/[code]/page.tsx [Server Component]
[LOG] console.clear
[LOG] ./lib/game-engine/bot.ts:439:5
Return statement is not allowed here
  437 |     });
  438 |
> 439 |     return { newCash: c, newBonds: b, newStocks: s };
      |     ^^^^^^^^^^^^^^^^^^^^^^^^^^^^^^^^^^^^^^^^^^^^^^^^^
  440 | }
  441 |
  442 | function getRichestOpponent(state: GameState, botIdx: number) {

Parsing ecmascript source code failed

Import traces:
  Client Component Browser:
    ./lib/game-engine/bot.ts [Client Component Browser]
    ./hooks/useGameTurn.ts [Client Component Browser]
    ./app/(game)/room/[code]/page.tsx [Client Component Browser]
    ./app/(game)/room/[code]/page.tsx [Server Component]

  Client Component SSR:
    ./lib/game-engine/bot.ts [Client Component SSR]
    ./hooks/useGameTurn.ts [Client Component SSR]
    ./app/(game)/room/[code]/page.tsx [Client Component SSR]
    ./app/(game)/room/[code]/page.tsx [Server Component]
[LOG] [Fast Refresh] rebuilding
[LOG] console.clear
[LOG] ./lib/game-engine/bot.ts:439:5
Return statement is not allowed here
  437 |     });
  438 |
> 439 |     return { newCash: c, newBonds: b, newStocks: s };
      |     ^^^^^^^^^^^^^^^^^^^^^^^^^^^^^^^^^^^^^^^^^^^^^^^^^
  440 | }
  441 |
  442 | function getRichestOpponent(state: GameState, botIdx: number) {

Parsing ecmascript source code failed

Import traces:
  Client Component Browser:
    ./lib/game-engine/bot.ts [Client Component Browser]
    ./hooks/useGameTurn.ts [Client Component Browser]
    ./app/(game)/room/[code]/page.tsx [Client Component Browser]
    ./app/(game)/room/[code]/page.tsx [Server Component]

  Client Component SSR:
    ./lib/game-engine/bot.ts [Client Component SSR]
    ./hooks/useGameTurn.ts [Client Component SSR]
    ./app/(game)/room/[code]/page.tsx [Client Component SSR]
    ./app/(game)/room/[code]/page.tsx [Server Component]
[LOG] console.clear
[LOG] ./lib/game-engine/bot.ts:439:5
Return statement is not allowed here
  437 |     });
  438 |
> 439 |     return { newCash: c, newBonds: b, newStocks: s };
      |     ^^^^^^^^^^^^^^^^^^^^^^^^^^^^^^^^^^^^^^^^^^^^^^^^^
  440 | }
  441 |
  442 | function getRichestOpponent(state: GameState, botIdx: number) {

Parsing ecmascript source code failed

Import traces:
  Client Component Browser:
    ./lib/game-engine/bot.ts [Client Component Browser]
    ./hooks/useGameTurn.ts [Client Component Browser]
    ./app/(game)/room/[code]/page.tsx [Client Component Browser]
    ./app/(game)/room/[code]/page.tsx [Server Component]

  Client Component SSR:
    ./lib/game-engine/bot.ts [Client Component SSR]
    ./hooks/useGameTurn.ts [Client Component SSR]
    ./app/(game)/room/[code]/page.tsx [Client Component SSR]
    ./app/(game)/room/[code]/page.tsx [Server Component]
[LOG] console.clear
[LOG] ./lib/game-engine/bot.ts:439:5
Return statement is not allowed here
  437 |     });
  438 |
> 439 |     return { newCash: c, newBonds: b, newStocks: s };
      |     ^^^^^^^^^^^^^^^^^^^^^^^^^^^^^^^^^^^^^^^^^^^^^^^^^
  440 | }
  441 |
  442 | function getRichestOpponent(state: GameState, botIdx: number) {

Parsing ecmascript source code failed

Import traces:
  Client Component Browser:
    ./lib/game-engine/bot.ts [Client Component Browser]
    ./hooks/useGameTurn.ts [Client Component Browser]
    ./app/(game)/room/[code]/page.tsx [Client Component Browser]
    ./app/(game)/room/[code]/page.tsx [Server Component]

  Client Component SSR:
    ./lib/game-engine/bot.ts [Client Component SSR]
    ./hooks/useGameTurn.ts [Client Component SSR]
    ./app/(game)/room/[code]/page.tsx [Client Component SSR]
    ./app/(game)/room/[code]/page.tsx [Server Component]
[LOG] console.clear
[LOG] ./lib/game-engine/bot.ts:439:5
Return statement is not allowed here
  437 |     });
  438 |
> 439 |     return { newCash: c, newBonds: b, newStocks: s };
      |     ^^^^^^^^^^^^^^^^^^^^^^^^^^^^^^^^^^^^^^^^^^^^^^^^^
  440 | }
  441 |
  442 | function getRichestOpponent(state: GameState, botIdx: number) {

Parsing ecmascript source code failed

Import traces:
  Client Component Browser:
    ./lib/game-engine/bot.ts [Client Component Browser]
    ./hooks/useGameTurn.ts [Client Component Browser]
    ./app/(game)/room/[code]/page.tsx [Client Component Browser]
    ./app/(game)/room/[code]/page.tsx [Server Component]

  Client Component SSR:
    ./lib/game-engine/bot.ts [Client Component SSR]
    ./hooks/useGameTurn.ts [Client Component SSR]
    ./app/(game)/room/[code]/page.tsx [Client Component SSR]
    ./app/(game)/room/[code]/page.tsx [Server Component]
[LOG] console.clear
[LOG] ./lib/game-engine/bot.ts:439:5
Return statement is not allowed here
  437 |     });
  438 |
> 439 |     return { newCash: c, newBonds: b, newStocks: s };
      |     ^^^^^^^^^^^^^^^^^^^^^^^^^^^^^^^^^^^^^^^^^^^^^^^^^
  440 | }
  441 |
  442 | function getRichestOpponent(state: GameState, botIdx: number) {

Parsing ecmascript source code failed

Import traces:
  Client Component Browser:
    ./lib/game-engine/bot.ts [Client Component Browser]
    ./hooks/useGameTurn.ts [Client Component Browser]
    ./app/(game)/room/[code]/page.tsx [Client Component Browser]
    ./app/(game)/room/[code]/page.tsx [Server Component]

  Client Component SSR:
    ./lib/game-engine/bot.ts [Client Component SSR]
    ./hooks/useGameTurn.ts [Client Component SSR]
    ./app/(game)/room/[code]/page.tsx [Client Component SSR]
    ./app/(game)/room/[code]/page.tsx [Server Component]
[LOG] console.clear
[LOG] ./lib/game-engine/bot.ts:439:5
Return statement is not allowed here
  437 |     });
  438 |
> 439 |     return { newCash: c, newBonds: b, newStocks: s };
      |     ^^^^^^^^^^^^^^^^^^^^^^^^^^^^^^^^^^^^^^^^^^^^^^^^^
  440 | }
  441 |
  442 | function getRichestOpponent(state: GameState, botIdx: number) {

Parsing ecmascript source code failed

Import traces:
  Client Component Browser:
    ./lib/game-engine/bot.ts [Client Component Browser]
    ./hooks/useGameTurn.ts [Client Component Browser]
    ./app/(game)/room/[code]/page.tsx [Client Component Browser]
    ./app/(game)/room/[code]/page.tsx [Server Component]

  Client Component SSR:
    ./lib/game-engine/bot.ts [Client Component SSR]
    ./hooks/useGameTurn.ts [Client Component SSR]
    ./app/(game)/room/[code]/page.tsx [Client Component SSR]
    ./app/(game)/room/[code]/page.tsx [Server Component]
[LOG] console.clear
[LOG] ./lib/game-engine/bot.ts:439:5
Return statement is not allowed here
  437 |     });
  438 |
> 439 |     return { newCash: c, newBonds: b, newStocks: s };
      |     ^^^^^^^^^^^^^^^^^^^^^^^^^^^^^^^^^^^^^^^^^^^^^^^^^
  440 | }
  441 |
  442 | function getRichestOpponent(state: GameState, botIdx: number) {

Parsing ecmascript source code failed

Import traces:
  Client Component Browser:
    ./lib/game-engine/bot.ts [Client Component Browser]
    ./hooks/useGameTurn.ts [Client Component Browser]
    ./app/(game)/room/[code]/page.tsx [Client Component Browser]
    ./app/(game)/room/[code]/page.tsx [Server Component]

  Client Component SSR:
    ./lib/game-engine/bot.ts [Client Component SSR]
    ./hooks/useGameTurn.ts [Client Component SSR]
    ./app/(game)/room/[code]/page.tsx [Client Component SSR]
    ./app/(game)/room/[code]/page.tsx [Server Component]
[LOG] console.clear
[LOG] ./lib/game-engine/bot.ts:439:5
Return statement is not allowed here
  437 |     });
  438 |
> 439 |     return { newCash: c, newBonds: b, newStocks: s };
      |     ^^^^^^^^^^^^^^^^^^^^^^^^^^^^^^^^^^^^^^^^^^^^^^^^^
  440 | }
  441 |
  442 | function getRichestOpponent(state: GameState, botIdx: number) {

Parsing ecmascript source code failed

Import traces:
  Client Component Browser:
    ./lib/game-engine/bot.ts [Client Component Browser]
    ./hooks/useGameTurn.ts [Client Component Browser]
    ./app/(game)/room/[code]/page.tsx [Client Component Browser]
    ./app/(game)/room/[code]/page.tsx [Server Component]

  Client Component SSR:
    ./lib/game-engine/bot.ts [Client Component SSR]
    ./hooks/useGameTurn.ts [Client Component SSR]
    ./app/(game)/room/[code]/page.tsx [Client Component SSR]
    ./app/(game)/room/[code]/page.tsx [Server Component]
[LOG] console.clear
[LOG] ./lib/game-engine/bot.ts:439:5
Return statement is not allowed here
  437 |     });
  438 |
> 439 |     return { newCash: c, newBonds: b, newStocks: s };
      |     ^^^^^^^^^^^^^^^^^^^^^^^^^^^^^^^^^^^^^^^^^^^^^^^^^
  440 | }
  441 |
  442 | function getRichestOpponent(state: GameState, botIdx: number) {

Parsing ecmascript source code failed

Import traces:
  Client Component Browser:
    ./lib/game-engine/bot.ts [Client Component Browser]
    ./hooks/useGameTurn.ts [Client Component Browser]
    ./app/(game)/room/[code]/page.tsx [Client Component Browser]
    ./app/(game)/room/[code]/page.tsx [Server Component]

  Client Component SSR:
    ./lib/game-engine/bot.ts [Client Component SSR]
    ./hooks/useGameTurn.ts [Client Component SSR]
    ./app/(game)/room/[code]/page.tsx [Client Component SSR]
    ./app/(game)/room/[code]/page.tsx [Server Component]
[LOG] console.clear
[LOG] ./lib/game-engine/bot.ts:439:5
Return statement is not allowed here
  437 |     });
  438 |
> 439 |     return { newCash: c, newBonds: b, newStocks: s };
      |     ^^^^^^^^^^^^^^^^^^^^^^^^^^^^^^^^^^^^^^^^^^^^^^^^^
  440 | }
  441 |
  442 | function getRichestOpponent(state: GameState, botIdx: number) {

Parsing ecmascript source code failed

Import traces:
  Client Component Browser:
    ./lib/game-engine/bot.ts [Client Component Browser]
    ./hooks/useGameTurn.ts [Client Component Browser]
    ./app/(game)/room/[code]/page.tsx [Client Component Browser]
    ./app/(game)/room/[code]/page.tsx [Server Component]

  Client Component SSR:
    ./lib/game-engine/bot.ts [Client Component SSR]
    ./hooks/useGameTurn.ts [Client Component SSR]
    ./app/(game)/room/[code]/page.tsx [Client Component SSR]
    ./app/(game)/room/[code]/page.tsx [Server Component]
[LOG] console.clear
[LOG] ./lib/game-engine/bot.ts:439:5
Return statement is not allowed here
  437 |     });
  438 |
> 439 |     return { newCash: c, newBonds: b, newStocks: s };
      |     ^^^^^^^^^^^^^^^^^^^^^^^^^^^^^^^^^^^^^^^^^^^^^^^^^
  440 | }
  441 |
  442 | function getRichestOpponent(state: GameState, botIdx: number) {

Parsing ecmascript source code failed

Import traces:
  Client Component Browser:
    ./lib/game-engine/bot.ts [Client Component Browser]
    ./hooks/useGameTurn.ts [Client Component Browser]
    ./app/(game)/room/[code]/page.tsx [Client Component Browser]
    ./app/(game)/room/[code]/page.tsx [Server Component]

  Client Component SSR:
    ./lib/game-engine/bot.ts [Client Component SSR]
    ./hooks/useGameTurn.ts [Client Component SSR]
    ./app/(game)/room/[code]/page.tsx [Client Component SSR]
    ./app/(game)/room/[code]/page.tsx [Server Component]
[LOG] console.clear
[LOG] ./lib/game-engine/bot.ts:439:5
Return statement is not allowed here
  437 |     });
  438 |
> 439 |     return { newCash: c, newBonds: b, newStocks: s };
      |     ^^^^^^^^^^^^^^^^^^^^^^^^^^^^^^^^^^^^^^^^^^^^^^^^^
  440 | }
  441 |
  442 | function getRichestOpponent(state: GameState, botIdx: number) {

Parsing ecmascript source code failed

Import traces:
  Client Component Browser:
    ./lib/game-engine/bot.ts [Client Component Browser]
    ./hooks/useGameTurn.ts [Client Component Browser]
    ./app/(game)/room/[code]/page.tsx [Client Component Browser]
    ./app/(game)/room/[code]/page.tsx [Server Component]

  Client Component SSR:
    ./lib/game-engine/bot.ts [Client Component SSR]
    ./hooks/useGameTurn.ts [Client Component SSR]
    ./app/(game)/room/[code]/page.tsx [Client Component SSR]
    ./app/(game)/room/[code]/page.tsx [Server Component]
[LOG] console.clear
[LOG] ./lib/game-engine/bot.ts:439:5
Return statement is not allowed here
  437 |     });
  438 |
> 439 |     return { newCash: c, newBonds: b, newStocks: s };
      |     ^^^^^^^^^^^^^^^^^^^^^^^^^^^^^^^^^^^^^^^^^^^^^^^^^
  440 | }
  441 |
  442 | function getRichestOpponent(state: GameState, botIdx: number) {

Parsing ecmascript source code failed

Import traces:
  Client Component Browser:
    ./lib/game-engine/bot.ts [Client Component Browser]
    ./hooks/useGameTurn.ts [Client Component Browser]
    ./app/(game)/room/[code]/page.tsx [Client Component Browser]
    ./app/(game)/room/[code]/page.tsx [Server Component]

  Client Component SSR:
    ./lib/game-engine/bot.ts [Client Component SSR]
    ./hooks/useGameTurn.ts [Client Component SSR]
    ./app/(game)/room/[code]/page.tsx [Client Component SSR]
    ./app/(game)/room/[code]/page.tsx [Server Component]
[LOG] console.clear
[LOG] ./lib/game-engine/bot.ts:439:5
Return statement is not allowed here
  437 |     });
  438 |
> 439 |     return { newCash: c, newBonds: b, newStocks: s };
      |     ^^^^^^^^^^^^^^^^^^^^^^^^^^^^^^^^^^^^^^^^^^^^^^^^^
  440 | }
  441 |
  442 | function getRichestOpponent(state: GameState, botIdx: number) {

Parsing ecmascript source code failed

Import traces:
  Client Component Browser:
    ./lib/game-engine/bot.ts [Client Component Browser]
    ./hooks/useGameTurn.ts [Client Component Browser]
    ./app/(game)/room/[code]/page.tsx [Client Component Browser]
    ./app/(game)/room/[code]/page.tsx [Server Component]

  Client Component SSR:
    ./lib/game-engine/bot.ts [Client Component SSR]
    ./hooks/useGameTurn.ts [Client Component SSR]
    ./app/(game)/room/[code]/page.tsx [Client Component SSR]
    ./app/(game)/room/[code]/page.tsx [Server Component]
[LOG] console.clear
[LOG] ./lib/game-engine/bot.ts:439:5
Return statement is not allowed here
  437 |     });
  438 |
> 439 |     return { newCash: c, newBonds: b, newStocks: s };
      |     ^^^^^^^^^^^^^^^^^^^^^^^^^^^^^^^^^^^^^^^^^^^^^^^^^
  440 | }
  441 |
  442 | function getRichestOpponent(state: GameState, botIdx: number) {

Parsing ecmascript source code failed

Import traces:
  Client Component Browser:
    ./lib/game-engine/bot.ts [Client Component Browser]
    ./hooks/useGameTurn.ts [Client Component Browser]
    ./app/(game)/room/[code]/page.tsx [Client Component Browser]
    ./app/(game)/room/[code]/page.tsx [Server Component]

  Client Component SSR:
    ./lib/game-engine/bot.ts [Client Component SSR]
    ./hooks/useGameTurn.ts [Client Component SSR]
    ./app/(game)/room/[code]/page.tsx [Client Component SSR]
    ./app/(game)/room/[code]/page.tsx [Server Component]
[LOG] console.clear
[LOG] ./lib/game-engine/bot.ts:439:5
Return statement is not allowed here
  437 |     });
  438 |
> 439 |     return { newCash: c, newBonds: b, newStocks: s };
      |     ^^^^^^^^^^^^^^^^^^^^^^^^^^^^^^^^^^^^^^^^^^^^^^^^^
  440 | }
  441 |
  442 | function getRichestOpponent(state: GameState, botIdx: number) {

Parsing ecmascript source code failed

Import traces:
  Client Component Browser:
    ./lib/game-engine/bot.ts [Client Component Browser]
    ./hooks/useGameTurn.ts [Client Component Browser]
    ./app/(game)/room/[code]/page.tsx [Client Component Browser]
    ./app/(game)/room/[code]/page.tsx [Server Component]

  Client Component SSR:
    ./lib/game-engine/bot.ts [Client Component SSR]
    ./hooks/useGameTurn.ts [Client Component SSR]
    ./app/(game)/room/[code]/page.tsx [Client Component SSR]
    ./app/(game)/room/[code]/page.tsx [Server Component]
[LOG] console.clear
[LOG] ./lib/game-engine/bot.ts:439:5
Return statement is not allowed here
  437 |     });
  438 |
> 439 |     return { newCash: c, newBonds: b, newStocks: s };
      |     ^^^^^^^^^^^^^^^^^^^^^^^^^^^^^^^^^^^^^^^^^^^^^^^^^
  440 | }
  441 |
  442 | function getRichestOpponent(state: GameState, botIdx: number) {

Parsing ecmascript source code failed

Import traces:
  Client Component Browser:
    ./lib/game-engine/bot.ts [Client Component Browser]
    ./hooks/useGameTurn.ts [Client Component Browser]
    ./app/(game)/room/[code]/page.tsx [Client Component Browser]
    ./app/(game)/room/[code]/page.tsx [Server Component]

  Client Component SSR:
    ./lib/game-engine/bot.ts [Client Component SSR]
    ./hooks/useGameTurn.ts [Client Component SSR]
    ./app/(game)/room/[code]/page.tsx [Client Component SSR]
    ./app/(game)/room/[code]/page.tsx [Server Component]
[LOG] console.clear
[LOG] ./lib/game-engine/bot.ts:439:5
Return statement is not allowed here
  437 |     });
  438 |
> 439 |     return { newCash: c, newBonds: b, newStocks: s };
      |     ^^^^^^^^^^^^^^^^^^^^^^^^^^^^^^^^^^^^^^^^^^^^^^^^^
  440 | }
  441 |
  442 | function getRichestOpponent(state: GameState, botIdx: number) {

Parsing ecmascript source code failed

Import traces:
  Client Component Browser:
    ./lib/game-engine/bot.ts [Client Component Browser]
    ./hooks/useGameTurn.ts [Client Component Browser]
    ./app/(game)/room/[code]/page.tsx [Client Component Browser]
    ./app/(game)/room/[code]/page.tsx [Server Component]

  Client Component SSR:
    ./lib/game-engine/bot.ts [Client Component SSR]
    ./hooks/useGameTurn.ts [Client Component SSR]
    ./app/(game)/room/[code]/page.tsx [Client Component SSR]
    ./app/(game)/room/[code]/page.tsx [Server Component]
[LOG] console.clear
[LOG] ./lib/game-engine/bot.ts:439:5
Return statement is not allowed here
  437 |     });
  438 |
> 439 |     return { newCash: c, newBonds: b, newStocks: s };
      |     ^^^^^^^^^^^^^^^^^^^^^^^^^^^^^^^^^^^^^^^^^^^^^^^^^
  440 | }
  441 |
  442 | function getRichestOpponent(state: GameState, botIdx: number) {

Parsing ecmascript source code failed

Import traces:
  Client Component Browser:
    ./lib/game-engine/bot.ts [Client Component Browser]
    ./hooks/useGameTurn.ts [Client Component Browser]
    ./app/(game)/room/[code]/page.tsx [Client Component Browser]
    ./app/(game)/room/[code]/page.tsx [Server Component]

  Client Component SSR:
    ./lib/game-engine/bot.ts [Client Component SSR]
    ./hooks/useGameTurn.ts [Client Component SSR]
    ./app/(game)/room/[code]/page.tsx [Client Component SSR]
    ./app/(game)/room/[code]/page.tsx [Server Component]
[LOG] console.clear
[LOG] ./lib/game-engine/bot.ts:439:5
Return statement is not allowed here
  437 |     });
  438 |
> 439 |     return { newCash: c, newBonds: b, newStocks: s };
      |     ^^^^^^^^^^^^^^^^^^^^^^^^^^^^^^^^^^^^^^^^^^^^^^^^^
  440 | }
  441 |
  442 | function getRichestOpponent(state: GameState, botIdx: number) {

Parsing ecmascript source code failed

Import traces:
  Client Component Browser:
    ./lib/game-engine/bot.ts [Client Component Browser]
    ./hooks/useGameTurn.ts [Client Component Browser]
    ./app/(game)/room/[code]/page.tsx [Client Component Browser]
    ./app/(game)/room/[code]/page.tsx [Server Component]

  Client Component SSR:
    ./lib/game-engine/bot.ts [Client Component SSR]
    ./hooks/useGameTurn.ts [Client Component SSR]
    ./app/(game)/room/[code]/page.tsx [Client Component SSR]
    ./app/(game)/room/[code]/page.tsx [Server Component]
[LOG] console.clear
[LOG] ./lib/game-engine/bot.ts:439:5
Return statement is not allowed here
  437 |     });
  438 |
> 439 |     return { newCash: c, newBonds: b, newStocks: s };
      |     ^^^^^^^^^^^^^^^^^^^^^^^^^^^^^^^^^^^^^^^^^^^^^^^^^
  440 | }
  441 |
  442 | function getRichestOpponent(state: GameState, botIdx: number) {

Parsing ecmascript source code failed

Import traces:
  Client Component Browser:
    ./lib/game-engine/bot.ts [Client Component Browser]
    ./hooks/useGameTurn.ts [Client Component Browser]
    ./app/(game)/room/[code]/page.tsx [Client Component Browser]
    ./app/(game)/room/[code]/page.tsx [Server Component]

  Client Component SSR:
    ./lib/game-engine/bot.ts [Client Component SSR]
    ./hooks/useGameTurn.ts [Client Component SSR]
    ./app/(game)/room/[code]/page.tsx [Client Component SSR]
    ./app/(game)/room/[code]/page.tsx [Server Component]
[LOG] console.clear
[LOG] ./lib/game-engine/bot.ts:439:5
Return statement is not allowed here
  437 |     });
  438 |
> 439 |     return { newCash: c, newBonds: b, newStocks: s };
      |     ^^^^^^^^^^^^^^^^^^^^^^^^^^^^^^^^^^^^^^^^^^^^^^^^^
  440 | }
  441 |
  442 | function getRichestOpponent(state: GameState, botIdx: number) {

Parsing ecmascript source code failed

Import traces:
  Client Component Browser:
    ./lib/game-engine/bot.ts [Client Component Browser]
    ./hooks/useGameTurn.ts [Client Component Browser]
    ./app/(game)/room/[code]/page.tsx [Client Component Browser]
    ./app/(game)/room/[code]/page.tsx [Server Component]

  Client Component SSR:
    ./lib/game-engine/bot.ts [Client Component SSR]
    ./hooks/useGameTurn.ts [Client Component SSR]
    ./app/(game)/room/[code]/page.tsx [Client Component SSR]
    ./app/(game)/room/[code]/page.tsx [Server Component]
[LOG] console.clear
[LOG] ./lib/game-engine/bot.ts:439:5
Return statement is not allowed here
  437 |     });
  438 |
> 439 |     return { newCash: c, newBonds: b, newStocks: s };
      |     ^^^^^^^^^^^^^^^^^^^^^^^^^^^^^^^^^^^^^^^^^^^^^^^^^
  440 | }
  441 |
  442 | function getRichestOpponent(state: GameState, botIdx: number) {

Parsing ecmascript source code failed

Import traces:
  Client Component Browser:
    ./lib/game-engine/bot.ts [Client Component Browser]
    ./hooks/useGameTurn.ts [Client Component Browser]
    ./app/(game)/room/[code]/page.tsx [Client Component Browser]
    ./app/(game)/room/[code]/page.tsx [Server Component]

  Client Component SSR:
    ./lib/game-engine/bot.ts [Client Component SSR]
    ./hooks/useGameTurn.ts [Client Component SSR]
    ./app/(game)/room/[code]/page.tsx [Client Component SSR]
    ./app/(game)/room/[code]/page.tsx [Server Component]
[LOG] console.clear
[LOG] ./lib/game-engine/bot.ts:439:5
Return statement is not allowed here
  437 |     });
  438 |
> 439 |     return { newCash: c, newBonds: b, newStocks: s };
      |     ^^^^^^^^^^^^^^^^^^^^^^^^^^^^^^^^^^^^^^^^^^^^^^^^^
  440 | }
  441 |
  442 | function getRichestOpponent(state: GameState, botIdx: number) {

Parsing ecmascript source code failed

Import traces:
  Client Component Browser:
    ./lib/game-engine/bot.ts [Client Component Browser]
    ./hooks/useGameTurn.ts [Client Component Browser]
    ./app/(game)/room/[code]/page.tsx [Client Component Browser]
    ./app/(game)/room/[code]/page.tsx [Server Component]

  Client Component SSR:
    ./lib/game-engine/bot.ts [Client Component SSR]
    ./hooks/useGameTurn.ts [Client Component SSR]
    ./app/(game)/room/[code]/page.tsx [Client Component SSR]
    ./app/(game)/room/[code]/page.tsx [Server Component]
[LOG] console.clear
[LOG] ./lib/game-engine/bot.ts:439:5
Return statement is not allowed here
  437 |     });
  438 |
> 439 |     return { newCash: c, newBonds: b, newStocks: s };
      |     ^^^^^^^^^^^^^^^^^^^^^^^^^^^^^^^^^^^^^^^^^^^^^^^^^
  440 | }
  441 |
  442 | function getRichestOpponent(state: GameState, botIdx: number) {

Parsing ecmascript source code failed

Import traces:
  Client Component Browser:
    ./lib/game-engine/bot.ts [Client Component Browser]
    ./hooks/useGameTurn.ts [Client Component Browser]
    ./app/(game)/room/[code]/page.tsx [Client Component Browser]
    ./app/(game)/room/[code]/page.tsx [Server Component]

  Client Component SSR:
    ./lib/game-engine/bot.ts [Client Component SSR]
    ./hooks/useGameTurn.ts [Client Component SSR]
    ./app/(game)/room/[code]/page.tsx [Client Component SSR]
    ./app/(game)/room/[code]/page.tsx [Server Component]
[LOG] console.clear
[LOG] ./lib/game-engine/bot.ts:439:5
Return statement is not allowed here
  437 |     });
  438 |
> 439 |     return { newCash: c, newBonds: b, newStocks: s };
      |     ^^^^^^^^^^^^^^^^^^^^^^^^^^^^^^^^^^^^^^^^^^^^^^^^^
  440 | }
  441 |
  442 | function getRichestOpponent(state: GameState, botIdx: number) {

Parsing ecmascript source code failed

Import traces:
  Client Component Browser:
    ./lib/game-engine/bot.ts [Client Component Browser]
    ./hooks/useGameTurn.ts [Client Component Browser]
    ./app/(game)/room/[code]/page.tsx [Client Component Browser]
    ./app/(game)/room/[code]/page.tsx [Server Component]

  Client Component SSR:
    ./lib/game-engine/bot.ts [Client Component SSR]
    ./hooks/useGameTurn.ts [Client Component SSR]
    ./app/(game)/room/[code]/page.tsx [Client Component SSR]
    ./app/(game)/room/[code]/page.tsx [Server Component]
[LOG] console.clear
[LOG] ./lib/game-engine/bot.ts:439:5
Return statement is not allowed here
  437 |     });
  438 |
> 439 |     return { newCash: c, newBonds: b, newStocks: s };
      |     ^^^^^^^^^^^^^^^^^^^^^^^^^^^^^^^^^^^^^^^^^^^^^^^^^
  440 | }
  441 |
  442 | function getRichestOpponent(state: GameState, botIdx: number) {

Parsing ecmascript source code failed

Import traces:
  Client Component Browser:
    ./lib/game-engine/bot.ts [Client Component Browser]
    ./hooks/useGameTurn.ts [Client Component Browser]
    ./app/(game)/room/[code]/page.tsx [Client Component Browser]
    ./app/(game)/room/[code]/page.tsx [Server Component]

  Client Component SSR:
    ./lib/game-engine/bot.ts [Client Component SSR]
    ./hooks/useGameTurn.ts [Client Component SSR]
    ./app/(game)/room/[code]/page.tsx [Client Component SSR]
    ./app/(game)/room/[code]/page.tsx [Server Component]
[LOG] console.clear
[LOG] ./lib/game-engine/bot.ts:439:5
Return statement is not allowed here
  437 |     });
  438 |
> 439 |     return { newCash: c, newBonds: b, newStocks: s };
      |     ^^^^^^^^^^^^^^^^^^^^^^^^^^^^^^^^^^^^^^^^^^^^^^^^^
  440 | }
  441 |
  442 | function getRichestOpponent(state: GameState, botIdx: number) {

Parsing ecmascript source code failed

Import traces:
  Client Component Browser:
    ./lib/game-engine/bot.ts [Client Component Browser]
    ./hooks/useGameTurn.ts [Client Component Browser]
    ./app/(game)/room/[code]/page.tsx [Client Component Browser]
    ./app/(game)/room/[code]/page.tsx [Server Component]

  Client Component SSR:
    ./lib/game-engine/bot.ts [Client Component SSR]
    ./hooks/useGameTurn.ts [Client Component SSR]
    ./app/(game)/room/[code]/page.tsx [Client Component SSR]
    ./app/(game)/room/[code]/page.tsx [Server Component]
[LOG] console.clear
[LOG] ./lib/game-engine/bot.ts:439:5
Return statement is not allowed here
  437 |     });
  438 |
> 439 |     return { newCash: c, newBonds: b, newStocks: s };
      |     ^^^^^^^^^^^^^^^^^^^^^^^^^^^^^^^^^^^^^^^^^^^^^^^^^
  440 | }
  441 |
  442 | function getRichestOpponent(state: GameState, botIdx: number) {

Parsing ecmascript source code failed

Import traces:
  Client Component Browser:
    ./lib/game-engine/bot.ts [Client Component Browser]
    ./hooks/useGameTurn.ts [Client Component Browser]
    ./app/(game)/room/[code]/page.tsx [Client Component Browser]
    ./app/(game)/room/[code]/page.tsx [Server Component]

  Client Component SSR:
    ./lib/game-engine/bot.ts [Client Component SSR]
    ./hooks/useGameTurn.ts [Client Component SSR]
    ./app/(game)/room/[code]/page.tsx [Client Component SSR]
    ./app/(game)/room/[code]/page.tsx [Server Component]
[LOG] console.clear
[LOG] ./lib/game-engine/bot.ts:439:5
Return statement is not allowed here
  437 |     });
  438 |
> 439 |     return { newCash: c, newBonds: b, newStocks: s };
      |     ^^^^^^^^^^^^^^^^^^^^^^^^^^^^^^^^^^^^^^^^^^^^^^^^^
  440 | }
  441 |
  442 | function getRichestOpponent(state: GameState, botIdx: number) {

Parsing ecmascript source code failed

Import traces:
  Client Component Browser:
    ./lib/game-engine/bot.ts [Client Component Browser]
    ./hooks/useGameTurn.ts [Client Component Browser]
    ./app/(game)/room/[code]/page.tsx [Client Component Browser]
    ./app/(game)/room/[code]/page.tsx [Server Component]

  Client Component SSR:
    ./lib/game-engine/bot.ts [Client Component SSR]
    ./hooks/useGameTurn.ts [Client Component SSR]
    ./app/(game)/room/[code]/page.tsx [Client Component SSR]
    ./app/(game)/room/[code]/page.tsx [Server Component]
[LOG] console.clear
[LOG] ./lib/game-engine/bot.ts:439:5
Return statement is not allowed here
  437 |     });
  438 |
> 439 |     return { newCash: c, newBonds: b, newStocks: s };
      |     ^^^^^^^^^^^^^^^^^^^^^^^^^^^^^^^^^^^^^^^^^^^^^^^^^
  440 | }
  441 |
  442 | function getRichestOpponent(state: GameState, botIdx: number) {

Parsing ecmascript source code failed

Import traces:
  Client Component Browser:
    ./lib/game-engine/bot.ts [Client Component Browser]
    ./hooks/useGameTurn.ts [Client Component Browser]
    ./app/(game)/room/[code]/page.tsx [Client Component Browser]
    ./app/(game)/room/[code]/page.tsx [Server Component]

  Client Component SSR:
    ./lib/game-engine/bot.ts [Client Component SSR]
    ./hooks/useGameTurn.ts [Client Component SSR]
    ./app/(game)/room/[code]/page.tsx [Client Component SSR]
    ./app/(game)/room/[code]/page.tsx [Server Component]
[LOG] console.clear
[LOG] ./lib/game-engine/bot.ts:439:5
Return statement is not allowed here
  437 |     });
  438 |
> 439 |     return { newCash: c, newBonds: b, newStocks: s };
      |     ^^^^^^^^^^^^^^^^^^^^^^^^^^^^^^^^^^^^^^^^^^^^^^^^^
  440 | }
  441 |
  442 | function getRichestOpponent(state: GameState, botIdx: number) {

Parsing ecmascript source code failed

Import traces:
  Client Component Browser:
    ./lib/game-engine/bot.ts [Client Component Browser]
    ./hooks/useGameTurn.ts [Client Component Browser]
    ./app/(game)/room/[code]/page.tsx [Client Component Browser]
    ./app/(game)/room/[code]/page.tsx [Server Component]

  Client Component SSR:
    ./lib/game-engine/bot.ts [Client Component SSR]
    ./hooks/useGameTurn.ts [Client Component SSR]
    ./app/(game)/room/[code]/page.tsx [Client Component SSR]
    ./app/(game)/room/[code]/page.tsx [Server Component]
[LOG] console.clear
[LOG] ./lib/game-engine/bot.ts:439:5
Return statement is not allowed here
  437 |     });
  438 |
> 439 |     return { newCash: c, newBonds: b, newStocks: s };
      |     ^^^^^^^^^^^^^^^^^^^^^^^^^^^^^^^^^^^^^^^^^^^^^^^^^
  440 | }
  441 |
  442 | function getRichestOpponent(state: GameState, botIdx: number) {

Parsing ecmascript source code failed

Import traces:
  Client Component Browser:
    ./lib/game-engine/bot.ts [Client Component Browser]
    ./hooks/useGameTurn.ts [Client Component Browser]
    ./app/(game)/room/[code]/page.tsx [Client Component Browser]
    ./app/(game)/room/[code]/page.tsx [Server Component]

  Client Component SSR:
    ./lib/game-engine/bot.ts [Client Component SSR]
    ./hooks/useGameTurn.ts [Client Component SSR]
    ./app/(game)/room/[code]/page.tsx [Client Component SSR]
    ./app/(game)/room/[code]/page.tsx [Server Component]
[LOG] console.clear
[LOG] ./lib/game-engine/bot.ts:439:5
Return statement is not allowed here
  437 |     });
  438 |
> 439 |     return { newCash: c, newBonds: b, newStocks: s };
      |     ^^^^^^^^^^^^^^^^^^^^^^^^^^^^^^^^^^^^^^^^^^^^^^^^^
  440 | }
  441 |
  442 | function getRichestOpponent(state: GameState, botIdx: number) {

Parsing ecmascript source code failed

Import traces:
  Client Component Browser:
    ./lib/game-engine/bot.ts [Client Component Browser]
    ./hooks/useGameTurn.ts [Client Component Browser]
    ./app/(game)/room/[code]/page.tsx [Client Component Browser]
    ./app/(game)/room/[code]/page.tsx [Server Component]

  Client Component SSR:
    ./lib/game-engine/bot.ts [Client Component SSR]
    ./hooks/useGameTurn.ts [Client Component SSR]
    ./app/(game)/room/[code]/page.tsx [Client Component SSR]
    ./app/(game)/room/[code]/page.tsx [Server Component]
[LOG] console.clear
[LOG] ./lib/game-engine/bot.ts:439:5
Return statement is not allowed here
  437 |     });
  438 |
> 439 |     return { newCash: c, newBonds: b, newStocks: s };
      |     ^^^^^^^^^^^^^^^^^^^^^^^^^^^^^^^^^^^^^^^^^^^^^^^^^
  440 | }
  441 |
  442 | function getRichestOpponent(state: GameState, botIdx: number) {

Parsing ecmascript source code failed

Import traces:
  Client Component Browser:
    ./lib/game-engine/bot.ts [Client Component Browser]
    ./hooks/useGameTurn.ts [Client Component Browser]
    ./app/(game)/room/[code]/page.tsx [Client Component Browser]
    ./app/(game)/room/[code]/page.tsx [Server Component]

  Client Component SSR:
    ./lib/game-engine/bot.ts [Client Component SSR]
    ./hooks/useGameTurn.ts [Client Component SSR]
    ./app/(game)/room/[code]/page.tsx [Client Component SSR]
    ./app/(game)/room/[code]/page.tsx [Server Component]
[LOG] console.clear
[LOG] ./lib/game-engine/bot.ts:439:5
Return statement is not allowed here
  437 |     });
  438 |
> 439 |     return { newCash: c, newBonds: b, newStocks: s };
      |     ^^^^^^^^^^^^^^^^^^^^^^^^^^^^^^^^^^^^^^^^^^^^^^^^^
  440 | }
  441 |
  442 | function getRichestOpponent(state: GameState, botIdx: number) {

Parsing ecmascript source code failed

Import traces:
  Client Component Browser:
    ./lib/game-engine/bot.ts [Client Component Browser]
    ./hooks/useGameTurn.ts [Client Component Browser]
    ./app/(game)/room/[code]/page.tsx [Client Component Browser]
    ./app/(game)/room/[code]/page.tsx [Server Component]

  Client Component SSR:
    ./lib/game-engine/bot.ts [Client Component SSR]
    ./hooks/useGameTurn.ts [Client Component SSR]
    ./app/(game)/room/[code]/page.tsx [Client Component SSR]
    ./app/(game)/room/[code]/page.tsx [Server Component]
[LOG] console.clear
[LOG] ./lib/game-engine/bot.ts:439:5
Return statement is not allowed here
  437 |     });
  438 |
> 439 |     return { newCash: c, newBonds: b, newStocks: s };
      |     ^^^^^^^^^^^^^^^^^^^^^^^^^^^^^^^^^^^^^^^^^^^^^^^^^
  440 | }
  441 |
  442 | function getRichestOpponent(state: GameState, botIdx: number) {

Parsing ecmascript source code failed

Import traces:
  Client Component Browser:
    ./lib/game-engine/bot.ts [Client Component Browser]
    ./hooks/useGameTurn.ts [Client Component Browser]
    ./app/(game)/room/[code]/page.tsx [Client Component Browser]
    ./app/(game)/room/[code]/page.tsx [Server Component]

  Client Component SSR:
    ./lib/game-engine/bot.ts [Client Component SSR]
    ./hooks/useGameTurn.ts [Client Component SSR]
    ./app/(game)/room/[code]/page.tsx [Client Component SSR]
    ./app/(game)/room/[code]/page.tsx [Server Component]
[LOG] console.clear
[LOG] ./lib/game-engine/bot.ts:439:5
Return statement is not allowed here
  437 |     });
  438 |
> 439 |     return { newCash: c, newBonds: b, newStocks: s };
      |     ^^^^^^^^^^^^^^^^^^^^^^^^^^^^^^^^^^^^^^^^^^^^^^^^^
  440 | }
  441 |
  442 | function getRichestOpponent(state: GameState, botIdx: number) {

Parsing ecmascript source code failed

Import traces:
  Client Component Browser:
    ./lib/game-engine/bot.ts [Client Component Browser]
    ./hooks/useGameTurn.ts [Client Component Browser]
    ./app/(game)/room/[code]/page.tsx [Client Component Browser]
    ./app/(game)/room/[code]/page.tsx [Server Component]

  Client Component SSR:
    ./lib/game-engine/bot.ts [Client Component SSR]
    ./hooks/useGameTurn.ts [Client Component SSR]
    ./app/(game)/room/[code]/page.tsx [Client Component SSR]
    ./app/(game)/room/[code]/page.tsx [Server Component]
[LOG] console.clear
[LOG] ./lib/game-engine/bot.ts:439:5
Return statement is not allowed here
  437 |     });
  438 |
> 439 |     return { newCash: c, newBonds: b, newStocks: s };
      |     ^^^^^^^^^^^^^^^^^^^^^^^^^^^^^^^^^^^^^^^^^^^^^^^^^
  440 | }
  441 |
  442 | function getRichestOpponent(state: GameState, botIdx: number) {

Parsing ecmascript source code failed

Import traces:
  Client Component Browser:
    ./lib/game-engine/bot.ts [Client Component Browser]
    ./hooks/useGameTurn.ts [Client Component Browser]
    ./app/(game)/room/[code]/page.tsx [Client Component Browser]
    ./app/(game)/room/[code]/page.tsx [Server Component]

  Client Component SSR:
    ./lib/game-engine/bot.ts [Client Component SSR]
    ./hooks/useGameTurn.ts [Client Component SSR]
    ./app/(game)/room/[code]/page.tsx [Client Component SSR]
    ./app/(game)/room/[code]/page.tsx [Server Component]
[LOG] console.clear
[LOG] ./lib/game-engine/bot.ts:439:5
Return statement is not allowed here
  437 |     });
  438 |
> 439 |     return { newCash: c, newBonds: b, newStocks: s };
      |     ^^^^^^^^^^^^^^^^^^^^^^^^^^^^^^^^^^^^^^^^^^^^^^^^^
  440 | }
  441 |
  442 | function getRichestOpponent(state: GameState, botIdx: number) {

Parsing ecmascript source code failed

Import traces:
  Client Component Browser:
    ./lib/game-engine/bot.ts [Client Component Browser]
    ./hooks/useGameTurn.ts [Client Component Browser]
    ./app/(game)/room/[code]/page.tsx [Client Component Browser]
    ./app/(game)/room/[code]/page.tsx [Server Component]

  Client Component SSR:
    ./lib/game-engine/bot.ts [Client Component SSR]
    ./hooks/useGameTurn.ts [Client Component SSR]
    ./app/(game)/room/[code]/page.tsx [Client Component SSR]
    ./app/(game)/room/[code]/page.tsx [Server Component]
[LOG] console.clear
[LOG] ./lib/game-engine/bot.ts:439:5
Return statement is not allowed here
  437 |     });
  438 |
> 439 |     return { newCash: c, newBonds: b, newStocks: s };
      |     ^^^^^^^^^^^^^^^^^^^^^^^^^^^^^^^^^^^^^^^^^^^^^^^^^
  440 | }
  441 |
  442 | function getRichestOpponent(state: GameState, botIdx: number) {

Parsing ecmascript source code failed

Import traces:
  Client Component Browser:
    ./lib/game-engine/bot.ts [Client Component Browser]
    ./hooks/useGameTurn.ts [Client Component Browser]
    ./app/(game)/room/[code]/page.tsx [Client Component Browser]
    ./app/(game)/room/[code]/page.tsx [Server Component]

  Client Component SSR:
    ./lib/game-engine/bot.ts [Client Component SSR]
    ./hooks/useGameTurn.ts [Client Component SSR]
    ./app/(game)/room/[code]/page.tsx [Client Component SSR]
    ./app/(game)/room/[code]/page.tsx [Server Component]
[LOG] console.clear
[LOG] ./lib/game-engine/bot.ts:439:5
Return statement is not allowed here
  437 |     });
  438 |
> 439 |     return { newCash: c, newBonds: b, newStocks: s };
      |     ^^^^^^^^^^^^^^^^^^^^^^^^^^^^^^^^^^^^^^^^^^^^^^^^^
  440 | }
  441 |
  442 | function getRichestOpponent(state: GameState, botIdx: number) {

Parsing ecmascript source code failed

Import traces:
  Client Component Browser:
    ./lib/game-engine/bot.ts [Client Component Browser]
    ./hooks/useGameTurn.ts [Client Component Browser]
    ./app/(game)/room/[code]/page.tsx [Client Component Browser]
    ./app/(game)/room/[code]/page.tsx [Server Component]

  Client Component SSR:
    ./lib/game-engine/bot.ts [Client Component SSR]
    ./hooks/useGameTurn.ts [Client Component SSR]
    ./app/(game)/room/[code]/page.tsx [Client Component SSR]
    ./app/(game)/room/[code]/page.tsx [Server Component]
[LOG] console.clear
[LOG] ./lib/game-engine/bot.ts:439:5
Return statement is not allowed here
  437 |     });
  438 |
> 439 |     return { newCash: c, newBonds: b, newStocks: s };
      |     ^^^^^^^^^^^^^^^^^^^^^^^^^^^^^^^^^^^^^^^^^^^^^^^^^
  440 | }
  441 |
  442 | function getRichestOpponent(state: GameState, botIdx: number) {

Parsing ecmascript source code failed

Import traces:
  Client Component Browser:
    ./lib/game-engine/bot.ts [Client Component Browser]
    ./hooks/useGameTurn.ts [Client Component Browser]
    ./app/(game)/room/[code]/page.tsx [Client Component Browser]
    ./app/(game)/room/[code]/page.tsx [Server Component]

  Client Component SSR:
    ./lib/game-engine/bot.ts [Client Component SSR]
    ./hooks/useGameTurn.ts [Client Component SSR]
    ./app/(game)/room/[code]/page.tsx [Client Component SSR]
    ./app/(game)/room/[code]/page.tsx [Server Component]
[LOG] console.clear
[LOG] ./lib/game-engine/bot.ts:439:5
Return statement is not allowed here
  437 |     });
  438 |
> 439 |     return { newCash: c, newBonds: b, newStocks: s };
      |     ^^^^^^^^^^^^^^^^^^^^^^^^^^^^^^^^^^^^^^^^^^^^^^^^^
  440 | }
  441 |
  442 | function getRichestOpponent(state: GameState, botIdx: number) {

Parsing ecmascript source code failed

Import traces:
  Client Component Browser:
    ./lib/game-engine/bot.ts [Client Component Browser]
    ./hooks/useGameTurn.ts [Client Component Browser]
    ./app/(game)/room/[code]/page.tsx [Client Component Browser]
    ./app/(game)/room/[code]/page.tsx [Server Component]

  Client Component SSR:
    ./lib/game-engine/bot.ts [Client Component SSR]
    ./hooks/useGameTurn.ts [Client Component SSR]
    ./app/(game)/room/[code]/page.tsx [Client Component SSR]
    ./app/(game)/room/[code]/page.tsx [Server Component]
[LOG] console.clear
[LOG] ./lib/game-engine/bot.ts:439:5
Return statement is not allowed here
  437 |     });
  438 |
> 439 |     return { newCash: c, newBonds: b, newStocks: s };
      |     ^^^^^^^^^^^^^^^^^^^^^^^^^^^^^^^^^^^^^^^^^^^^^^^^^
  440 | }
  441 |
  442 | function getRichestOpponent(state: GameState, botIdx: number) {

Parsing ecmascript source code failed

Import traces:
  Client Component Browser:
    ./lib/game-engine/bot.ts [Client Component Browser]
    ./hooks/useGameTurn.ts [Client Component Browser]
    ./app/(game)/room/[code]/page.tsx [Client Component Browser]
    ./app/(game)/room/[code]/page.tsx [Server Component]

  Client Component SSR:
    ./lib/game-engine/bot.ts [Client Component SSR]
    ./hooks/useGameTurn.ts [Client Component SSR]
    ./app/(game)/room/[code]/page.tsx [Client Component SSR]
    ./app/(game)/room/[code]/page.tsx [Server Component]
[LOG] console.clear
[LOG] ./lib/game-engine/bot.ts:439:5
Return statement is not allowed here
  437 |     });
  438 |
> 439 |     return { newCash: c, newBonds: b, newStocks: s };
      |     ^^^^^^^^^^^^^^^^^^^^^^^^^^^^^^^^^^^^^^^^^^^^^^^^^
  440 | }
  441 |
  442 | function getRichestOpponent(state: GameState, botIdx: number) {

Parsing ecmascript source code failed

Import traces:
  Client Component Browser:
    ./lib/game-engine/bot.ts [Client Component Browser]
    ./hooks/useGameTurn.ts [Client Component Browser]
    ./app/(game)/room/[code]/page.tsx [Client Component Browser]
    ./app/(game)/room/[code]/page.tsx [Server Component]

  Client Component SSR:
    ./lib/game-engine/bot.ts [Client Component SSR]
    ./hooks/useGameTurn.ts [Client Component SSR]
    ./app/(game)/room/[code]/page.tsx [Client Component SSR]
    ./app/(game)/room/[code]/page.tsx [Server Component]
[LOG] console.clear
[LOG] ./lib/game-engine/bot.ts:439:5
Return statement is not allowed here
  437 |     });
  438 |
> 439 |     return { newCash: c, newBonds: b, newStocks: s };
      |     ^^^^^^^^^^^^^^^^^^^^^^^^^^^^^^^^^^^^^^^^^^^^^^^^^
  440 | }
  441 |
  442 | function getRichestOpponent(state: GameState, botIdx: number) {

Parsing ecmascript source code failed

Import traces:
  Client Component Browser:
    ./lib/game-engine/bot.ts [Client Component Browser]
    ./hooks/useGameTurn.ts [Client Component Browser]
    ./app/(game)/room/[code]/page.tsx [Client Component Browser]
    ./app/(game)/room/[code]/page.tsx [Server Component]

  Client Component SSR:
    ./lib/game-engine/bot.ts [Client Component SSR]
    ./hooks/useGameTurn.ts [Client Component SSR]
    ./app/(game)/room/[code]/page.tsx [Client Component SSR]
    ./app/(game)/room/[code]/page.tsx [Server Component]
[LOG] console.clear
[LOG] ./lib/game-engine/bot.ts:439:5
Return statement is not allowed here
  437 |     });
  438 |
> 439 |     return { newCash: c, newBonds: b, newStocks: s };
      |     ^^^^^^^^^^^^^^^^^^^^^^^^^^^^^^^^^^^^^^^^^^^^^^^^^
  440 | }
  441 |
  442 | function getRichestOpponent(state: GameState, botIdx: number) {

Parsing ecmascript source code failed

Import traces:
  Client Component Browser:
    ./lib/game-engine/bot.ts [Client Component Browser]
    ./hooks/useGameTurn.ts [Client Component Browser]
    ./app/(game)/room/[code]/page.tsx [Client Component Browser]
    ./app/(game)/room/[code]/page.tsx [Server Component]

  Client Component SSR:
    ./lib/game-engine/bot.ts [Client Component SSR]
    ./hooks/useGameTurn.ts [Client Component SSR]
    ./app/(game)/room/[code]/page.tsx [Client Component SSR]
    ./app/(game)/room/[code]/page.tsx [Server Component]
[LOG] console.clear
[LOG] ./lib/game-engine/bot.ts:439:5
Return statement is not allowed here
  437 |     });
  438 |
> 439 |     return { newCash: c, newBonds: b, newStocks: s };
      |     ^^^^^^^^^^^^^^^^^^^^^^^^^^^^^^^^^^^^^^^^^^^^^^^^^
  440 | }
  441 |
  442 | function getRichestOpponent(state: GameState, botIdx: number) {

Parsing ecmascript source code failed

Import traces:
  Client Component Browser:
    ./lib/game-engine/bot.ts [Client Component Browser]
    ./hooks/useGameTurn.ts [Client Component Browser]
    ./app/(game)/room/[code]/page.tsx [Client Component Browser]
    ./app/(game)/room/[code]/page.tsx [Server Component]

  Client Component SSR:
    ./lib/game-engine/bot.ts [Client Component SSR]
    ./hooks/useGameTurn.ts [Client Component SSR]
    ./app/(game)/room/[code]/page.tsx [Client Component SSR]
    ./app/(game)/room/[code]/page.tsx [Server Component]
[LOG] console.clear
[LOG] ./lib/game-engine/bot.ts:439:5
Return statement is not allowed here
  437 |     });
  438 |
> 439 |     return { newCash: c, newBonds: b, newStocks: s };
      |     ^^^^^^^^^^^^^^^^^^^^^^^^^^^^^^^^^^^^^^^^^^^^^^^^^
  440 | }
  441 |
  442 | function getRichestOpponent(state: GameState, botIdx: number) {

Parsing ecmascript source code failed

Import traces:
  Client Component Browser:
    ./lib/game-engine/bot.ts [Client Component Browser]
    ./hooks/useGameTurn.ts [Client Component Browser]
    ./app/(game)/room/[code]/page.tsx [Client Component Browser]
    ./app/(game)/room/[code]/page.tsx [Server Component]

  Client Component SSR:
    ./lib/game-engine/bot.ts [Client Component SSR]
    ./hooks/useGameTurn.ts [Client Component SSR]
    ./app/(game)/room/[code]/page.tsx [Client Component SSR]
    ./app/(game)/room/[code]/page.tsx [Server Component]
[LOG] console.clear
[LOG] ./lib/game-engine/bot.ts:439:5
Return statement is not allowed here
  437 |     });
  438 |
> 439 |     return { newCash: c, newBonds: b, newStocks: s };
      |     ^^^^^^^^^^^^^^^^^^^^^^^^^^^^^^^^^^^^^^^^^^^^^^^^^
  440 | }
  441 |
  442 | function getRichestOpponent(state: GameState, botIdx: number) {

Parsing ecmascript source code failed

Import traces:
  Client Component Browser:
    ./lib/game-engine/bot.ts [Client Component Browser]
    ./hooks/useGameTurn.ts [Client Component Browser]
    ./app/(game)/room/[code]/page.tsx [Client Component Browser]
    ./app/(game)/room/[code]/page.tsx [Server Component]

  Client Component SSR:
    ./lib/game-engine/bot.ts [Client Component SSR]
    ./hooks/useGameTurn.ts [Client Component SSR]
    ./app/(game)/room/[code]/page.tsx [Client Component SSR]
    ./app/(game)/room/[code]/page.tsx [Server Component]
[LOG] console.clear
[LOG] ./lib/game-engine/bot.ts:439:5
Return statement is not allowed here
  437 |     });
  438 |
> 439 |     return { newCash: c, newBonds: b, newStocks: s };
      |     ^^^^^^^^^^^^^^^^^^^^^^^^^^^^^^^^^^^^^^^^^^^^^^^^^
  440 | }
  441 |
  442 | function getRichestOpponent(state: GameState, botIdx: number) {

Parsing ecmascript source code failed

Import traces:
  Client Component Browser:
    ./lib/game-engine/bot.ts [Client Component Browser]
    ./hooks/useGameTurn.ts [Client Component Browser]
    ./app/(game)/room/[code]/page.tsx [Client Component Browser]
    ./app/(game)/room/[code]/page.tsx [Server Component]

  Client Component SSR:
    ./lib/game-engine/bot.ts [Client Component SSR]
    ./hooks/useGameTurn.ts [Client Component SSR]
    ./app/(game)/room/[code]/page.tsx [Client Component SSR]
    ./app/(game)/room/[code]/page.tsx [Server Component]
[LOG] console.clear
[LOG] ./lib/game-engine/bot.ts:439:5
Return statement is not allowed here
  437 |     });
  438 |
> 439 |     return { newCash: c, newBonds: b, newStocks: s };
      |     ^^^^^^^^^^^^^^^^^^^^^^^^^^^^^^^^^^^^^^^^^^^^^^^^^
  440 | }
  441 |
  442 | function getRichestOpponent(state: GameState, botIdx: number) {

Parsing ecmascript source code failed

Import traces:
  Client Component Browser:
    ./lib/game-engine/bot.ts [Client Component Browser]
    ./hooks/useGameTurn.ts [Client Component Browser]
    ./app/(game)/room/[code]/page.tsx [Client Component Browser]
    ./app/(game)/room/[code]/page.tsx [Server Component]

  Client Component SSR:
    ./lib/game-engine/bot.ts [Client Component SSR]
    ./hooks/useGameTurn.ts [Client Component SSR]
    ./app/(game)/room/[code]/page.tsx [Client Component SSR]
    ./app/(game)/room/[code]/page.tsx [Server Component]
[LOG] console.clear
[LOG] ./lib/game-engine/bot.ts:439:5
Return statement is not allowed here
  437 |     });
  438 |
> 439 |     return { newCash: c, newBonds: b, newStocks: s };
      |     ^^^^^^^^^^^^^^^^^^^^^^^^^^^^^^^^^^^^^^^^^^^^^^^^^
  440 | }
  441 |
  442 | function getRichestOpponent(state: GameState, botIdx: number) {

Parsing ecmascript source code failed

Import traces:
  Client Component Browser:
    ./lib/game-engine/bot.ts [Client Component Browser]
    ./hooks/useGameTurn.ts [Client Component Browser]
    ./app/(game)/room/[code]/page.tsx [Client Component Browser]
    ./app/(game)/room/[code]/page.tsx [Server Component]

  Client Component SSR:
    ./lib/game-engine/bot.ts [Client Component SSR]
    ./hooks/useGameTurn.ts [Client Component SSR]
    ./app/(game)/room/[code]/page.tsx [Client Component SSR]
    ./app/(game)/room/[code]/page.tsx [Server Component]
[LOG] console.clear
[LOG] ./lib/game-engine/bot.ts:439:5
Return statement is not allowed here
  437 |     });
  438 |
> 439 |     return { newCash: c, newBonds: b, newStocks: s };
      |     ^^^^^^^^^^^^^^^^^^^^^^^^^^^^^^^^^^^^^^^^^^^^^^^^^
  440 | }
  441 |
  442 | function getRichestOpponent(state: GameState, botIdx: number) {

Parsing ecmascript source code failed

Import traces:
  Client Component Browser:
    ./lib/game-engine/bot.ts [Client Component Browser]
    ./hooks/useGameTurn.ts [Client Component Browser]
    ./app/(game)/room/[code]/page.tsx [Client Component Browser]
    ./app/(game)/room/[code]/page.tsx [Server Component]

  Client Component SSR:
    ./lib/game-engine/bot.ts [Client Component SSR]
    ./hooks/useGameTurn.ts [Client Component SSR]
    ./app/(game)/room/[code]/page.tsx [Client Component SSR]
    ./app/(game)/room/[code]/page.tsx [Server Component]
[LOG] console.clear
[LOG] ./lib/game-engine/bot.ts:439:5
Return statement is not allowed here
  437 |     });
  438 |
> 439 |     return { newCash: c, newBonds: b, newStocks: s };
      |     ^^^^^^^^^^^^^^^^^^^^^^^^^^^^^^^^^^^^^^^^^^^^^^^^^
  440 | }
  441 |
  442 | function getRichestOpponent(state: GameState, botIdx: number) {

Parsing ecmascript source code failed

Import traces:
  Client Component Browser:
    ./lib/game-engine/bot.ts [Client Component Browser]
    ./hooks/useGameTurn.ts [Client Component Browser]
    ./app/(game)/room/[code]/page.tsx [Client Component Browser]
    ./app/(game)/room/[code]/page.tsx [Server Component]

  Client Component SSR:
    ./lib/game-engine/bot.ts [Client Component SSR]
    ./hooks/useGameTurn.ts [Client Component SSR]
    ./app/(game)/room/[code]/page.tsx [Client Component SSR]
    ./app/(game)/room/[code]/page.tsx [Server Component]
[LOG] console.clear
[LOG] ./lib/game-engine/bot.ts:439:5
Return statement is not allowed here
  437 |     });
  438 |
> 439 |     return { newCash: c, newBonds: b, newStocks: s };
      |     ^^^^^^^^^^^^^^^^^^^^^^^^^^^^^^^^^^^^^^^^^^^^^^^^^
  440 | }
  441 |
  442 | function getRichestOpponent(state: GameState, botIdx: number) {

Parsing ecmascript source code failed

Import traces:
  Client Component Browser:
    ./lib/game-engine/bot.ts [Client Component Browser]
    ./hooks/useGameTurn.ts [Client Component Browser]
    ./app/(game)/room/[code]/page.tsx [Client Component Browser]
    ./app/(game)/room/[code]/page.tsx [Server Component]

  Client Component SSR:
    ./lib/game-engine/bot.ts [Client Component SSR]
    ./hooks/useGameTurn.ts [Client Component SSR]
    ./app/(game)/room/[code]/page.tsx [Client Component SSR]
    ./app/(game)/room/[code]/page.tsx [Server Component]
[LOG] console.clear
[LOG] ./lib/game-engine/bot.ts:439:5
Return statement is not allowed here
  437 |     });
  438 |
> 439 |     return { newCash: c, newBonds: b, newStocks: s };
      |     ^^^^^^^^^^^^^^^^^^^^^^^^^^^^^^^^^^^^^^^^^^^^^^^^^
  440 | }
  441 |
  442 | function getRichestOpponent(state: GameState, botIdx: number) {

Parsing ecmascript source code failed

Import traces:
  Client Component Browser:
    ./lib/game-engine/bot.ts [Client Component Browser]
    ./hooks/useGameTurn.ts [Client Component Browser]
    ./app/(game)/room/[code]/page.tsx [Client Component Browser]
    ./app/(game)/room/[code]/page.tsx [Server Component]

  Client Component SSR:
    ./lib/game-engine/bot.ts [Client Component SSR]
    ./hooks/useGameTurn.ts [Client Component SSR]
    ./app/(game)/room/[code]/page.tsx [Client Component SSR]
    ./app/(game)/room/[code]/page.tsx [Server Component]
[LOG] console.clear
[LOG] ./lib/game-engine/bot.ts:439:5
Return statement is not allowed here
  437 |     });
  438 |
> 439 |     return { newCash: c, newBonds: b, newStocks: s };
      |     ^^^^^^^^^^^^^^^^^^^^^^^^^^^^^^^^^^^^^^^^^^^^^^^^^
  440 | }
  441 |
  442 | function getRichestOpponent(state: GameState, botIdx: number) {

Parsing ecmascript source code failed

Import traces:
  Client Component Browser:
    ./lib/game-engine/bot.ts [Client Component Browser]
    ./hooks/useGameTurn.ts [Client Component Browser]
    ./app/(game)/room/[code]/page.tsx [Client Component Browser]
    ./app/(game)/room/[code]/page.tsx [Server Component]

  Client Component SSR:
    ./lib/game-engine/bot.ts [Client Component SSR]
    ./hooks/useGameTurn.ts [Client Component SSR]
    ./app/(game)/room/[code]/page.tsx [Client Component SSR]
    ./app/(game)/room/[code]/page.tsx [Server Component]
[LOG] console.clear
[LOG] ./lib/game-engine/bot.ts:439:5
Return statement is not allowed here
  437 |     });
  438 |
> 439 |     return { newCash: c, newBonds: b, newStocks: s };
      |     ^^^^^^^^^^^^^^^^^^^^^^^^^^^^^^^^^^^^^^^^^^^^^^^^^
  440 | }
  441 |
  442 | function getRichestOpponent(state: GameState, botIdx: number) {

Parsing ecmascript source code failed

Import traces:
  Client Component Browser:
    ./lib/game-engine/bot.ts [Client Component Browser]
    ./hooks/useGameTurn.ts [Client Component Browser]
    ./app/(game)/room/[code]/page.tsx [Client Component Browser]
    ./app/(game)/room/[code]/page.tsx [Server Component]

  Client Component SSR:
    ./lib/game-engine/bot.ts [Client Component SSR]
    ./hooks/useGameTurn.ts [Client Component SSR]
    ./app/(game)/room/[code]/page.tsx [Client Component SSR]
    ./app/(game)/room/[code]/page.tsx [Server Component]
[LOG] console.clear
[LOG] ./lib/game-engine/bot.ts:439:5
Return statement is not allowed here
  437 |     });
  438 |
> 439 |     return { newCash: c, newBonds: b, newStocks: s };
      |     ^^^^^^^^^^^^^^^^^^^^^^^^^^^^^^^^^^^^^^^^^^^^^^^^^
  440 | }
  441 |
  442 | function getRichestOpponent(state: GameState, botIdx: number) {

Parsing ecmascript source code failed

Import traces:
  Client Component Browser:
    ./lib/game-engine/bot.ts [Client Component Browser]
    ./hooks/useGameTurn.ts [Client Component Browser]
    ./app/(game)/room/[code]/page.tsx [Client Component Browser]
    ./app/(game)/room/[code]/page.tsx [Server Component]

  Client Component SSR:
    ./lib/game-engine/bot.ts [Client Component SSR]
    ./hooks/useGameTurn.ts [Client Component SSR]
    ./app/(game)/room/[code]/page.tsx [Client Component SSR]
    ./app/(game)/room/[code]/page.tsx [Server Component]
[LOG] [Fast Refresh] rebuilding
[LOG] console.clear
[LOG] [Fast Refresh] done in 462ms
